pin_id,work_id,result_id,title,institution,city,country,longitude,latitude,precision,source_evidence,source_page,geography_evidence,proof_evidence,proof_link,source_url,context,geography_note
P-021,GS-0097,Vgh9zNI47h0J,Elastic-link for binarized neural networks,Tsinghua University,Beijing,China,116.39723,39.9075,institution city (ROR),E-0105,1,E-0533,E-0731,Sources/Affiliation-Pages/E-0105.pdf#page=1,https://arxiv.org/pdf/2112.10149,"Elastic-Link for Binarized Neural Network Jie Hu1, Ziheng Wu3, Vince Tan4, Zhilin Lu2, Mengze Zeng4, Enhua Wu*1,5 1 State Key Lab of Computer Science, ISCAS & University of Chinese Academy of Sciences 2 Department of Electronic Engineering, Tsinghua University",
P-022,GS-0097,Vgh9zNI47h0J,Elastic-link for binarized neural networks,University of Chinese Academy of Sciences,Beijing,China,116.39723,39.9075,institution city (ROR),E-0105,1,E-0499,E-0731,Sources/Affiliation-Pages/E-0105.pdf#page=1,https://arxiv.org/pdf/2112.10149,"Elastic-Link for Binarized Neural Network Jie Hu1, Ziheng Wu3, Vince Tan4, Zhilin Lu2, Mengze Zeng4, Enhua Wu*1,5 1 State Key Lab of Computer Science, ISCAS & University of Chinese Academy of Sciences",
P-090,GS-0097,Vgh9zNI47h0J,Elastic-link for binarized neural networks,University of Macau,Macao,Macao,113.54611,22.20056,institution city (ROR),E-0105,1,E-0544,E-0731,Sources/Affiliation-Pages/E-0105.pdf#page=1,https://arxiv.org/pdf/2112.10149,"2 Department of Electronic Engineering, Tsinghua University 3 Alibaba Group 4 ByteDance Inc. 5 University of Macau",
P-078,GS-0213,iobvstVBM4IJ,Neural gradients are near-lognormal: improved quantized and sparse training,Technion – Israel Institute of Technology,Haifa,Israel,34.99928,32.81303,institution city (ROR),E-0067,1,E-0553,E-0732,Sources/Affiliation-Pages/E-0067.pdf#page=1,https://arxiv.org/pdf/2006.08173,"Ron Banner † Daniel Soudry ◦ †Habana Labs – An Intel company, Caesarea, Israel, ◦Department of Electrical Engineering - Technion, Haifa, Israel",
P-046,GS-0319,aq12_tAeQXYJ,VecQ: Minimal loss DNN model compression with vectorized weight quantization,Nankai University,Tianjin,China,117.17667,39.14222,institution city (ROR),E-0719,1,E-0584,E-0733,Sources/Affiliation-Pages/E-0719.pdf#page=1,https://arxiv.org/pdf/2005.08501,"bitwidth processing, which reduces the cost of the inference by using less memory and reducing the complexity of the • Cheng Gong is with the College of Computer Science, Nankai University,",
P-151,GS-0298,VhdKmOrSDjQJ,The case for 4-bit precision: k-bit inference scaling laws,University of Washington,Seattle,United States,-122.33207,47.60621,institution city (ROR),E-0728,1,E-0539,E-0734,Sources/Affiliation-Pages/E-0728.pdf#page=1,https://proceedings.mlr.press/v202/dettmers23a/dettmers23a.pdf,"high latency. However, both the memory and latency are 1University of Washington.",
P-114,GS-0199,4t3zqTKCU7AJ,Memory-efficient dataflow inference for deep CNNs on FPGA,Delft University of Technology,Delft,The Netherlands,4.35556,52.00667,institution city (ROR),E-0048,1,E-0579,E-0735,Sources/Affiliation-Pages/E-0048.pdf#page=1,https://arxiv.org/pdf/2011.07317,"Memory-Efﬁcient Dataﬂow Inference for Deep CNNs on FPGA Lucian Petrica∗, Tobias Alonso∗‡, Mairin Kroes∗†, Nicholas Fraser∗, Sorin Cotofana†, Michaela Blott∗ ∗Xilinx Research Ireland, †TU Delft, ‡Autonomous University of Madrid",
P-103,GS-0199,4t3zqTKCU7AJ,Memory-efficient dataflow inference for deep CNNs on FPGA,Autonomous University of Madrid,Madrid,Spain,-3.70256,40.4165,institution city (ROR),E-0048,1,E-0573,E-0735,Sources/Affiliation-Pages/E-0048.pdf#page=1,https://arxiv.org/pdf/2011.07317,"Memory-Efﬁcient Dataﬂow Inference for Deep CNNs on FPGA Lucian Petrica∗, Tobias Alonso∗‡, Mairin Kroes∗†, Nicholas Fraser∗, Sorin Cotofana†, Michaela Blott∗ ∗Xilinx Research Ireland, †TU Delft, ‡Autonomous University of Madrid",
P-096,GS-0058,xG3kTPM2dMkJ,Bringing AI to edge: From deep learning's perspective,Nanyang Technological University,Singapore,Singapore,103.85007,1.28967,institution city (ROR),E-0044,1,E-0462,E-0736,Sources/Affiliation-Pages/E-0044.pdf#page=1,https://arxiv.org/pdf/2011.14808,"Grant (I1801E0028). This work is also partially supported by NTU NAP M4082282 and SUG M4082087, Singapore. Di Liu is with HP-NTU Digital Manufacturing Corporate Lab, Nanyang Technological University, Singapore. (Email: liu.di@ntu.edu.sg)",
P-116,GS-0284,4OTB4MIcEHgJ,Spaq-dl-slam: Towards optimizing deep learning-based slam for resource-constrained embedded platforms,New York University Abu Dhabi,Abu Dhabi,United Arab Emirates,54.39696,24.45118,institution city (ROR),E-0726,1,E-0468,E-0737,Sources/Affiliation-Pages/E-0726.pdf#page=1,https://arxiv.org/pdf/2409.14515,New York University Abu Dhabi,
P-118,GS-0147,5Os7I0x-gq4J,High-performance acceleration of 2-D and 3-D CNNs on FPGAs using static block floating point,Imperial College London,London,United Kingdom,-0.12574,51.50853,institution city (ROR),E-0108,1,E-0465,E-0738,Sources/Affiliation-Pages/E-0108.pdf#page=1,https://spiral.imperial.ac.uk/bitstreams/9983a4fc-a268-4277-9f71-f0542216db43/download,"Corerain, Maxeler, Intel, Xilinx and SGIIT. Corresponding author: Shuanglong Liu (liu.shuanglong@hunnu.edu.cn). H. Fan, Z. Que and W. Luk are with the Department of Computing, Imperial College London, London, SW7 2AZ, UK.",
P-025,GS-0147,5Os7I0x-gq4J,High-performance acceleration of 2-D and 3-D CNNs on FPGAs using static block floating point,Hunan Normal University,Changsha,China,112.97087,28.19874,institution city (ROR),E-0108,1,E-0540,E-0738,Sources/Affiliation-Pages/E-0108.pdf#page=1,https://spiral.imperial.ac.uk/bitstreams/9983a4fc-a268-4277-9f71-f0542216db43/download,"H. Fan, Z. Que and W. Luk are with the Department of Computing, Imperial College London, London, SW7 2AZ, UK. S. Liu is with the School of Physics and Electronics, Hunan Normal University, Changsha 410081, China.",
P-095,GS-0134,qL9vn7NsjR8J,FxP-QNet: a post-training quantizer for the design of mixed low-precision DNNs with dynamic fixed-point representation,King Fahd University of Petroleum and Minerals,Dhahran,Saudi Arabia,50.11396,26.28864,institution city (ROR),E-0077,1,E-0531,E-0739,Sources/Affiliation-Pages/E-0077.pdf#page=1,https://arxiv.org/pdf/2203.12091,"with Dynamic Fixed-Point Representation AHMAD SHAWAHNA1, SADIQ M. SAIT1, 3, (Senior Member, IEEE), AIMAN EL-MALEH1, 3, (Member, IEEE), AND IRFAN AHMAD2, 3 1Department of Computer Engineering, King Fahd University of Petroleum & Minerals, Dhahran-31261, Saudi Arabia",
P-153,GS-0295,a8XMjTptyV0J,Temperature-induced degradation of GaN HEMT: An in situ heating study,Pennsylvania State University,State College,United States,-77.86,40.79339,institution city (ROR),E-0602,2,E-0550,E-0740,Sources/Affiliation-Pages/E-0602.pdf#page=1,https://par.nsf.gov/servlets/purl/10507806,"Douglas E. Wolfe,6 and Stephen J. Pearton7 AFFILIATIONS 1Department of Mechanical Engineering, Pennsylvania State University, University Park, Pennsylvania 16802",
P-132,GS-0295,a8XMjTptyV0J,Temperature-induced degradation of GaN HEMT: An in situ heating study,University of Florida,Gainesville,United States,-82.32483,29.65163,institution city (ROR),E-0602,2,E-0489,E-0740,Sources/Affiliation-Pages/E-0602.pdf#page=1,https://par.nsf.gov/servlets/purl/10507806,"4Sensors Directorate, Air Force Research Laboratory, Wright-Patterson AFB, Ohio 45433 5Materials and Manufacturing Directorate, Air Force Research Laboratory, Wright-Patterson AFB, Ohio 45433 6Department of Materials Science and Engineering, Pennsylvania State University, University Park, Pennsylvania 16802 7Department of Material Science and Engineering, University of Florida, Gainesville, Florida 32611",
P-137,GS-0295,a8XMjTptyV0J,Temperature-induced degradation of GaN HEMT: An in situ heating study,Los Alamos National Laboratory,Los Alamos,United States,-106.30697,35.88808,institution city (ROR),E-0602,2,E-0530,E-0740,Sources/Affiliation-Pages/E-0602.pdf#page=1,https://par.nsf.gov/servlets/purl/10507806,"and Stephen J. Pearton7 AFFILIATIONS 1Department of Mechanical Engineering, Pennsylvania State University, University Park, Pennsylvania 16802 2Center for Integrated Nanotechnologies (CINT), Los Alamos National Laboratory, New Mexico 87545",
P-057,GS-0265,JweyR9K7ehUJ,Rescaling-Aware Training for Efficient Deployment of Deep Learning Models on Full-Integer Hardware,University of Bremen,Bremen,Germany,8.80717,53.07582,institution city (ROR),E-0727,1,E-0464,E-0741,Sources/Affiliation-Pages/E-0727.pdf#page=1,https://arxiv.org/pdf/2510.11484,"width of the rescaler multiplicand while preserving model accuracy, all within a reasonable retraining effort. Lion M¨uller, Ardalan Najafi, and, Adam Fuks Lennart Bamberg are with NXP Semiconductors. Alberto Garc´ıa-Ortiz is with University of Bremen.",
P-009,GS-0174,BO-LUldVH7cJ,Layer importance estimation with imprinting for neural network quantization,University of Alberta,Edmonton,Canada,-113.46871,53.55014,institution city (ROR),E-0119,1,E-0552,E-0742,Sources/Affiliation-Pages/E-0119.pdf#page=1,https://openaccess.thecvf.com/content/CVPR2021W/MAI/papers/Liu_Layer_Importance_Estimation_With_Imprinting_for_Neural_Network_Quantization_CVPRW_2021_paper.pdf,Layer Importance Estimation with Imprinting for Neural Network Quantization Hongyang Liu University of Alberta,
P-126,GS-0110,LpfQ7jKXE4YJ,F8net: Fixed-point 8-bit only multiplication for network quantization,Northeastern University,Boston,United States,-71.05977,42.35843,institution city (ROR),E-0725,1,E-0512,E-0743,Sources/Affiliation-Pages/E-0725.pdf#page=1,https://arxiv.org/pdf/2202.05239,"Kaiyuan Yang3 Sergey Tulyakov1 1Snap Inc. 2Northeastern University, USA",
P-133,GS-0110,LpfQ7jKXE4YJ,F8net: Fixed-point 8-bit only multiplication for network quantization,Rice University,Houston,United States,-95.36327,29.76328,institution city (ROR),E-0725,1,E-0487,E-0743,Sources/Affiliation-Pages/E-0725.pdf#page=1,https://arxiv.org/pdf/2202.05239,"Sergey Tulyakov1 1Snap Inc. 2Northeastern University, USA 3 Rice University, USA",
P-107,GS-0175,XD3H5Eo9OiAJ,"Learned smartphone isp on mobile gpus, mobile ai 2025 challenge: Report",ETH Zurich,Zurich,Switzerland,8.55,47.36667,institution city (ROR),E-0657,9,E-0558,E-0744,Sources/Affiliation-Pages/E-0657.pdf#page=1,https://openaccess.thecvf.com/content/CVPR2025W/MAI/papers/Ignatov_Learned_Smartphone_ISP_on_Mobile_GPUs_Mobile_AI_2025_Challenge_CVPRW_2025_paper.pdf,"de), Radu Timofte2,3 (radu.timofte@uni-wuerzburg.de) Affiliations: 1 Computer Vision Lab, ETH Zurich, Switzerland",
P-028,GS-0175,XD3H5Eo9OiAJ,"Learned smartphone isp on mobile gpus, mobile ai 2025 challenge: Report",University of Electronic Science and Technology of China,Chengdu,China,104.06667,30.66667,institution city (ROR),E-0657,9,E-0470,E-0744,Sources/Affiliation-Pages/E-0657.pdf#page=1,https://openaccess.thecvf.com/content/CVPR2025W/MAI/papers/Ignatov_Learned_Smartphone_ISP_on_Mobile_GPUs_Mobile_AI_2025_Challenge_CVPRW_2025_paper.pdf,"Zhang, Zhe Liu, Ce Zhu, Le Zhang Affiliations: School of Information and Communication Engineering, Univer- sity of Electronic Science and Technology of China (UESTC)",
P-069,GS-0175,XD3H5Eo9OiAJ,"Learned smartphone isp on mobile gpus, mobile ai 2025 challenge: Report",University of Würzburg,Würzburg,Germany,9.95121,49.79391,institution city (ROR),E-0657,9,E-0569,E-0744,Sources/Affiliation-Pages/E-0657.pdf#page=1,https://openaccess.thecvf.com/content/CVPR2025W/MAI/papers/Ignatov_Learned_Smartphone_ISP_on_Mobile_GPUs_Mobile_AI_2025_Challenge_CVPRW_2025_paper.pdf,"Radu Timofte2,3 (radu.timofte@uni-wuerzburg.de) Affiliations: 1 Computer Vision Lab, ETH Zurich, Switzerland 2 Computer Vision Lab, University of W ̈urzburg, Germany",
P-015,GS-0081,bXuknljIwxcJ,Do all mobilenets quantize poorly? gaining insights into the effect of quantization on depthwise separable convolutional networks through the eyes of multi-scale …,University of Waterloo,Waterloo,Canada,-80.51639,43.4668,institution city (ROR),E-0663,1,E-0565,E-0745,Sources/Affiliation-Pages/E-0663.pdf#page=1,https://arxiv.org/pdf/2104.11849,"Quantization on Depthwise Separable Convolutional Networks Through the Eyes of Multi-scale Distributional Dynamics Stone Yun1,2 and Alexander Wong1,2 1Vision and Image Processing Research Group, University of Waterloo",
P-023,GS-0154,viFZN68HU7oJ,HQOD: harmonious quantization for object detection,University of Science and Technology Beijing,Beijing,China,116.39723,39.9075,institution city (ROR),E-0714,1,E-0466,E-0746,Sources/Affiliation-Pages/E-0714.pdf#page=1,https://arxiv.org/pdf/2408.02561,Shutong Ti1 Feng Chen2 Xu-Cheng Yin1† 1 University of Science and Technology Beijing,
P-096,GS-0019,oiUAva-AL1kJ,Adaptive neural networks for edge intelligence,Nanyang Technological University,Singapore,Singapore,103.85007,1.28967,institution city (ROR),E-0593,1,E-0462,E-0747,Sources/Affiliation-Pages/E-0593.pdf#page=1,https://cf002.cdn.4science.cloud/4s-assetstore-dspacecrisntu/15/07/15/150715921165011019347057880661444187725?response-content-type=application%2Fpdf&response-content-disposition=attachment%3B+filename%3D%22MyThesis.pdf%22&Expires=1791377053&Signature=DhqYDNBY9iG-UxxaAa1fprzUk-I~u2jv0ZUbnZehaZYEVOJujADSvRRCW80ec7bTmMVjLufliErMLgWuoltg~ioc8EHbt-kGzZyUbFFlDKpGbFAWbFQ1-JQ0TAY9cK77~H8n1OqZkaP1bs-C0U5otO0lKBCMyaA3vFHw3RQIZ69We8dnMBHauE5l1SArSZcbjNB~wfwFn-c7dVG433lVl2ByjcOX4~x6H0xtG6ZOvbwofDDF2OT6O1a~QWjA8IbEcgomhthNofXfv-s5EiaTR~wouzqMOzMdJ~2~ZnwmhvTdCPbnskgJSPOq5U6LIkCAWf9~mUrUYB2HKFvmqiez7w__&Key-Pair-Id=K20AKEP5FKG3TS,FOR EDGE INTELLIGENCE HAO KONG School of Computer Science and Engineering A thesis submitted to the Nanyang Technological University,
P-013,GS-0179,gqrMhbzgPkkJ,Learning Efficient Datatypes for Deep Neural Network Training and Inference,University of Toronto,Toronto,Canada,-79.39864,43.70643,institution city (ROR),E-0629,1,E-0492,E-0748,Sources/Affiliation-Pages/E-0629.pdf#page=1,https://utoronto.scholaris.ca/server/api/core/bitstreams/d9b2e8b7-ff77-4448-b95a-217475465913/content,A thesis submitted in conformity with the requirements for the degree of Doctor of Philosophy The Edward S. Rogers Sr. Department of Electrical and Computer Engineering University of Toronto,
P-099,GS-0156,IwlJln3V0Z0J,Hybrid 8-bit floating point (HFP8) training and inference for deep neural networks,Hanyang University,Seoul,South Korea,126.9784,37.566,institution city (ROR),E-0643,1,E-0566,E-0749,Sources/Affiliation-Pages/E-0643.pdf#page=1,https://proceedings.neurips.cc/paper_files/paper/2019/file/65fc9fb4897a89789352e211ca2d398f-Paper.pdf?ref=https://githubhelp.com,"performed in higher precision [3]. In addition to DNN training, efﬁcient low-precision deployment is critical in a wide range of edge inference use cases where cost and energy constraints can limit ∗contributed to this work while at IBM, is currently with the Electrical Engineering Department, Hanyang University, South Korea, email: choij@hanyang.ac.kr",
P-130,GS-0138,WFjiKmBfatsJ,Grid synchronization phase-locked loop strategy for unbalance and harmonic distortion conditions,Tennessee Technological University,Cookeville,United States,-85.50164,36.16284,institution city (ROR),E-0624,1,E-0568,E-0750,Sources/Affiliation-Pages/E-0624.pdf#page=1,https://blob.opal-rt.com/medias/L00161_0507.pdf,"1 Intelligent Robotics and Energy Systems (IRES), Center for Manufacturing Research, Tennessee Technological University, Cookeville, TN 38501, USA",
P-022,GS-0255,SEW2GV_H51YJ,Q-vit: Fully differentiable quantization for vision transformer,University of Chinese Academy of Sciences,Beijing,China,116.39723,39.9075,institution city (ROR),E-0620,1,E-0499,E-0751,Sources/Affiliation-Pages/E-0620.pdf#page=1,https://arxiv.org/pdf/2201.07703,"Peisong Wang1 Jian Cheng1,† 1Institute of Automation, Chinese Academy of Sciences 2Megvii Technology 3School of Artiﬁcial Intelligence, University of Chinese Academy of Sciences",
P-144,GS-0296,s3n_5mVWqPYJ,Tempus Core: Area-Power Efficient Temporal-Unary Convolution Core for Low-Precision Edge DLAs,Carnegie Mellon University,Pittsburgh,United States,-79.99589,40.44062,institution city (ROR),E-0720,1,E-0504,E-0752,Sources/Affiliation-Pages/E-0720.pdf#page=1,https://arxiv.org/pdf/2412.19002?,"Convolution Core for Low-Precision Edge DLAs Prabhu Vellaisamy, Harideep Nair, Thomas Kang, Yichen Ni, Haoyang Fan, Bin Qi, Jeff Chen, Shawn Blanton, and John Paul Shen ECE Department, Carnegie Mellon University",
P-033,GS-0163,Bx93vPRWtWkJ,Improving quantization-aware training of low-precision network via block replacement on full-precision counterpart,Zhejiang University,Hangzhou,China,120.16142,30.29365,institution city (ROR),E-0721,1,E-0496,E-0753,Sources/Affiliation-Pages/E-0721.pdf#page=1,https://arxiv.org/pdf/2412.15846,"Low-Precision Network via Block Replacement on Full-Precision Counterpart Chengting Yu1,2, Shu Yang2, Fengzhao Zhang2, Hanzhi Ma1,2, Aili Wang1,2,∗Er-Ping Li1,2 1 College of Information Science and Electronic Engineering, Zhejiang University",
P-107,GS-0130,j32s-8PEdG8J,Free bits: Latency optimization of mixed-precision quantized neural networks on the edge,ETH Zurich,Zurich,Switzerland,8.55,47.36667,institution city (ROR),E-0699,1,E-0558,E-0754,Sources/Affiliation-Pages/E-0699.pdf#page=1,https://arxiv.org/pdf/2307.02894,"Free Bits: Latency Optimization of Mixed-Precision Quantized Neural Networks on the Edge Georg Rutishauser∗, Francesco Conti†, Luca Benini∗† ∗Departement Informationstechnologie und Elektrotechnik, ETH Z¨urich, Switzerland",
P-080,GS-0130,j32s-8PEdG8J,Free bits: Latency optimization of mixed-precision quantized neural networks on the edge,University of Bologna,Bologna,Italy,11.33875,44.49381,institution city (ROR),E-0699,1,E-0507,E-0754,Sources/Affiliation-Pages/E-0699.pdf#page=1,https://arxiv.org/pdf/2307.02894,"Quantized Neural Networks on the Edge Georg Rutishauser∗, Francesco Conti†, Luca Benini∗† ∗Departement Informationstechnologie und Elektrotechnik, ETH Z¨urich, Switzerland †Dipartimento di Ingegneria dell’Energia Elettrica e dell’Informazione, Universit`a di Bologna, Bologna, Italy",
P-009,GS-0202,3lplYHgLJjQJ,Mixed Low-bit Quantization for Model Compression with Layer Importance and Gradient Estimations,University of Alberta,Edmonton,Canada,-113.46871,53.55014,institution city (ROR),E-0669,1,E-0552,E-0755,Sources/Affiliation-Pages/E-0669.pdf#page=1,https://ualberta.scholaris.ca/server/api/core/bitstreams/018c059e-99ae-460f-a3d2-f5ed23b535dc/content,A thesis submitted in partial fulfillment of the requirements for the degree of Master of Science Department of Computing Science University of Alberta,
P-001,GS-0267,-boZytFB9mkJ,Resource-efficient deep neural networks for automotive radar interference mitigation,Graz University of Technology,Graz,Austria,15.44197,47.06733,institution city (ROR),E-0045,1,E-0494,E-0756,Sources/Affiliation-Pages/E-0045.pdf#page=1,https://arxiv.org/pdf/2201.10360,"I. INTRODUCTION Johanna Rock, Wolfgang Roth and Franz Pernkopf are with the Signal Processing and Speech Communication Laboratory, Graz University of Tech- nology, Austria, e-mail: {johanna.rock, roth, pernkopf}@tugraz.at.",
P-037,GS-0231,hToox_UP1AkJ,P2-ViT: Power-of-Two Post-Training Quantization and Acceleration for Fully Quantized Vision Transformer,Nanjing University,Nanjing,China,118.77778,32.06167,institution city (ROR),E-0114,1,E-0538,E-0757,Sources/Affiliation-Pages/E-0114.pdf#page=1,https://arxiv.org/pdf/2405.19915,"School of Electronic Science and Engineering, Nanjing University, Nanjing, China (e-mail:",
P-044,GS-0231,hToox_UP1AkJ,P2-ViT: Power-of-Two Post-Training Quantization and Acceleration for Fully Quantized Vision Transformer,Sun Yat-sen University,Shenzhen,China,114.0579,22.5431,publication city; approximate display coordinate,E-0114,1,E-0475,E-0757,Sources/Affiliation-Pages/E-0114.pdf#page=1,https://arxiv.org/pdf/2405.19915,"Electronic Science and Engineering, Nanjing University, Nanjing, China (e-mail: {shihh, chengx}@smail.nju.edu.cn; Wendong Mao is with the School of Integrated Circuits, Sun Yat-sen University, Shenzhen, China (e-mail:",Shenzhen campus expressly named in the affiliation.
P-107,GS-0123,89Olr2_r8NUJ,Flexible and fully quantized lightweight tinyissimoyolo for ultra-low-power edge systems,ETH Zurich,Zurich,Switzerland,8.55,47.36667,institution city (ROR),E-0106,1,E-0558,E-0758,Sources/Affiliation-Pages/E-0106.pdf#page=1,https://cris.unibo.it/retrieve/86fe5af7-55a3-4815-9e73-2cefe1534d58/Flexible_and_Fully_Quantized_Lightweight_TinyissimoYOLO_for_Ultra-Low-Power_Edge_Systems.pdf,"1,3, (Fellow, IEEE), AND MICHELE MAGNO 1, (Senior Member, IEEE) 1Department of Information Technology and Electrical Engineering, ETH Zürich, 8092 Zürich, Switzerland",
P-080,GS-0123,89Olr2_r8NUJ,Flexible and fully quantized lightweight tinyissimoyolo for ultra-low-power edge systems,University of Bologna,Bologna,Italy,11.33875,44.49381,institution city (ROR),E-0106,1,E-0507,E-0758,Sources/Affiliation-Pages/E-0106.pdf#page=1,https://cris.unibo.it/retrieve/86fe5af7-55a3-4815-9e73-2cefe1534d58/Flexible_and_Fully_Quantized_Lightweight_TinyissimoYOLO_for_Ultra-Low-Power_Edge_Systems.pdf,"1, (Senior Member, IEEE) 1Department of Information Technology and Electrical Engineering, ETH Zürich, 8092 Zürich, Switzerland 2IDSIA, Università della Svizzera Italiana, 6900 Lugano, Switzerland 3Department of Electrical, Electronic and Information Engineering, University of Bologna, 40126 Bologna, Italy",
P-106,GS-0123,89Olr2_r8NUJ,Flexible and fully quantized lightweight tinyissimoyolo for ultra-low-power edge systems,Università della Svizzera italiana,Lugano,Switzerland,8.96004,46.01008,institution city (ROR),E-0106,1,E-0513,E-0758,Sources/Affiliation-Pages/E-0106.pdf#page=1,https://cris.unibo.it/retrieve/86fe5af7-55a3-4815-9e73-2cefe1534d58/Flexible_and_Fully_Quantized_Lightweight_TinyissimoYOLO_for_Ultra-Low-Power_Edge_Systems.pdf,"AND MICHELE MAGNO 1, (Senior Member, IEEE) 1Department of Information Technology and Electrical Engineering, ETH Zürich, 8092 Zürich, Switzerland 2IDSIA, Università della Svizzera Italiana, 6900 Lugano, Switzerland",
P-097,GS-0278,EVfrefFHeJ8J,Shedding the bits: Pushing the boundaries of quantization with minifloats on FPGAs,National University of Singapore,Singapore,Singapore,103.85007,1.28967,institution city (ROR),E-0648,1,E-0486,E-0759,Sources/Affiliation-Pages/E-0648.pdf#page=1,https://arxiv.org/pdf/2311.12359,"Quantization with Minifloats on FPGAs Shivam Aggarwal∗† , Hans Jakob Damsgaard‡† , Alessandro Pappalardo† , Giuseppe Franco§, Thomas B. Preußer† , Michaela Blott† , Tulika Mitra∗ ∗School of Computing, National University of Singapore, Singapore, †AMD Research and",
P-051,GS-0278,EVfrefFHeJ8J,Shedding the bits: Pushing the boundaries of quantization with minifloats on FPGAs,Tampere University,Tampere,Finland,23.78712,61.49911,institution city (ROR),E-0648,1,E-0536,E-0759,Sources/Affiliation-Pages/E-0648.pdf#page=1,https://arxiv.org/pdf/2311.12359,"Shivam Aggarwal∗† , Hans Jakob Damsgaard‡† , Alessandro Pappalardo† , Giuseppe Franco§, Thomas B. Preußer† , Michaela Blott† , Tulika Mitra∗ ∗School of Computing, National University of Singapore, Singapore, †AMD Research and Advanced Development, Dublin, Ireland, ‡Electrical Engineering Unit, Tampere University, Finland, §AMD, Germany",
P-127,GS-0151,FkTuAFjWP-MJ,High-temperature operation of III-nitride high-electron-mobility transistors,Massachusetts Institute of Technology,Cambridge,United States,-71.10561,42.3751,institution city (ROR),E-0712,1,E-0476,E-0760,Sources/Affiliation-Pages/E-0712.pdf#page=1,https://arxiv.org/pdf/2607.05314,"Yi-Chen Liu1, Jacklyn Zhu1, John Niroula2, Hridibrata Pal2, Tom´as Palacios2, and Savannah R. Eisner1,* 1Department of Electrical Engineering, Columbia University, New York, NY 10027 USA 2Microsystems Technology Laboratories, Massachusetts Institute of Technology, Cambridge, MA 02139 USA",
P-142,GS-0151,FkTuAFjWP-MJ,High-temperature operation of III-nitride high-electron-mobility transistors,Columbia University,New York,United States,-74.00597,40.71427,institution city (ROR),E-0712,1,E-0463,E-0760,Sources/Affiliation-Pages/E-0712.pdf#page=1,https://arxiv.org/pdf/2607.05314,"high-electron-mobility transistors Yi-Chen Liu1, Jacklyn Zhu1, John Niroula2, Hridibrata Pal2, Tom´as Palacios2, and Savannah R. Eisner1,* 1Department of Electrical Engineering, Columbia University, New York, NY 10027 USA",
P-025,GS-0128,pvRG3Q3t86MJ,Fpga-based acceleration for convolutional neural networks: A comprehensive review,Hunan Normal University,Changsha,China,112.97087,28.19874,institution city (ROR),E-0668,1,E-0540,E-0761,Sources/Affiliation-Pages/E-0668.pdf#page=1,https://arxiv.org/pdf/2505.13461?,"Junye Jiang, Yaan Zhou, Yuanhao Gong, Haoxuan Yuan and Shuanglong Liu are with the Key Laboratory of Low-Dimensional Quantum Structures and Quantum Control of Ministry of Education, School of Physics and Electronics, Hunan Normal University, Changsha, 410081 China.",
P-139,GS-0157,oYPLbevtA7MJ,HYPER-SNN: Towards energy-efficient quantized deep spiking neural networks for hyperspectral image classification,University of Southern California,Los Angeles,United States,-118.24368,34.05223,institution city (ROR),E-0072,1,E-0567,E-0762,Sources/Affiliation-Pages/E-0072.pdf#page=1,https://arxiv.org/pdf/2107.11979,"relaxation [12], and extended morphological proﬁles [13], G. Datta, S. Kundu, A. R. Jaiswal and P. A. Beerel are with the De- partment of Electrical and Computer Engineering, University of Southern California, Los Angeles, CA, 90089 USA e-mail: {gdatta, souvikku, akhilesh,",
P-061,GS-0238,FCjfD-vkiToJ,Post-Training Optimization of Cross-layer Approximate Computing for Edge Inference of Deep Learning Applications,TU Dresden,Dresden,Germany,13.73832,51.05089,institution city (ROR),E-0685,1,E-0522,E-0763,Sources/Affiliation-Pages/E-0685.pdf#page=1,https://tud.qucosa.de/en/api/qucosa%3A88978/attachment/ATT-0/,Applications THESIS At the Faculty of Computer Sciences of the Technical University of Dresden,
P-049,GS-0067,QTzPvNZWwLEJ,Data quality-aware mixed-precision quantization via hybrid reinforcement learning,Xi'an Jiaotong University,Xi'an,China,108.92861,34.25833,institution city (ROR),E-0689,1,E-0541,E-0764,Sources/Affiliation-Pages/E-0689.pdf#page=1,https://arxiv.org/pdf/2302.04453,"causes a greater accuracy drop than higher description bit- width models due to unavoidably more information loss. Y. Wang is with Department of Computer Science and Technology, Xi’an Jiaotong University, Xi’an 710049, China, and with Department of Comput-",
P-120,GS-0140,9YHH7bmrZC8J,Hadamard domain training with integers for class incremental quantized learning,University of St Andrews,St Andrews,United Kingdom,-2.79902,56.33871,institution city (ROR),E-0641,1,E-0532,E-0765,Sources/Affiliation-Pages/E-0641.pdf#page=1,https://arxiv.org/pdf/2310.03675,"CLASS INCREMENTAL QUANTIZED LEARNING Martin Schiemer∗†, Clemens JS Schaefer∗‡, Jayden Parker Vap‡, Mark James Horeni‡, Yu Emma Wang§, Juan Ye†, and Siddharth Joshi‡ †University of St Andrews, UK",
P-143,GS-0140,9YHH7bmrZC8J,Hadamard domain training with integers for class incremental quantized learning,University of Notre Dame,Notre Dame,United States,-86.23793,41.70019,institution city (ROR),E-0641,1,E-0502,E-0765,Sources/Affiliation-Pages/E-0641.pdf#page=1,https://arxiv.org/pdf/2310.03675,"Yu Emma Wang§, Juan Ye†, and Siddharth Joshi‡ †University of St Andrews, UK {ms400,jy31}@st-andrews.ac.uk ‡University of Notre Dame, IN, USA",
P-127,GS-0201,kzFAGeZF30gJ,Mitigating the impact of outlier channels for language model quantization with activation regularization,Massachusetts Institute of Technology,Cambridge,United States,-71.10561,42.3751,institution city (ROR),E-0626,1,E-0476,E-0766,Sources/Affiliation-Pages/E-0626.pdf#page=1,https://arxiv.org/pdf/2404.03605?,"Dan Alistarh4,5 Rameswar Panda2 Yoon Kim1 1Massachusetts Institute of Technology",
P-002,GS-0201,kzFAGeZF30gJ,Mitigating the impact of outlier channels for language model quantization with activation regularization,Institute of Science and Technology Austria,Klosterneuburg,Austria,16.32522,48.30521,institution city (ROR),E-0626,1,E-0498,E-0766,Sources/Affiliation-Pages/E-0626.pdf#page=1,https://arxiv.org/pdf/2404.03605?,1Massachusetts Institute of Technology 2MIT-IBM Watson AI Lab 3IBM Research 4IST Austria,
P-010,GS-0098,IqiFJFnnRZ0J,Empirical evaluation of edge ai deployment strategies involving black-box and white-box operators,Queen's University,Kingston,Canada,-76.48098,44.22976,institution city (ROR),E-0706,1,E-0495,E-0767,Sources/Affiliation-Pages/E-0706.pdf#page=1,https://queensu.scholaris.ca/server/api/core/bitstreams/d328232f-84f6-4815-a2d4-e2dc8db152fe/content,School of Computing in conformity with the requirements for the degree of Master of Science Queen’s University,
P-105,GS-0026,33R4ivEQM7AJ,A low memory footprint quantized neural network for depth completion of very sparse time-of-flight depth maps,École Polytechnique Fédérale de Lausanne,Lausanne,Switzerland,6.63282,46.516,institution city (ROR),E-0107,1,E-0524,E-0768,Sources/Affiliation-Pages/E-0107.pdf#page=1,https://www.research.unipd.it/bitstream/11577/3462823/2/2205.12918v1.pdf,"Adriano Simonetto4 Fabien Cardinaux3 Pietro Zanuttigh4 1 EPFL, Switzerland",
P-081,GS-0026,33R4ivEQM7AJ,A low memory footprint quantized neural network for depth completion of very sparse time-of-flight depth maps,University of Padua,Padua,Italy,11.88586,45.40797,institution city (ROR),E-0107,1,E-0561,E-0768,Sources/Affiliation-Pages/E-0107.pdf#page=1,https://www.research.unipd.it/bitstream/11577/3462823/2/2205.12918v1.pdf,"1 EPFL, Switzerland 2 Sony Depthsensing Solutions NV, Belgium 3 Sony Europe B.V., R&D Center, Stuttgart Laboratory 1, Germany 4 University of Padova, Italy",
P-107,GS-0239,JlY8-jYZqd0J,"Power efficient video super-resolution on mobile npus with deep learning, mobile ai & aim 2022 challenge: Report",ETH Zurich,Zurich,Switzerland,8.55,47.36667,institution city (ROR),E-0711,16,E-0558,E-0769,Sources/Affiliation-Pages/E-0711.pdf#page=1,https://arxiv.org/pdf/2211.05256,"Jia-Ying Yong4 (jiaying.ee10@nycu.edu.tw), Hong-Han Shuai5 (hhshuai@nycu.edu.tw), Wen-Huang Cheng5 (whcheng@nycu.edu.tw) Affiliations: 1 Computer Vision Lab, ETH Zurich, Switzerland",
P-069,GS-0239,JlY8-jYZqd0J,"Power efficient video super-resolution on mobile npus with deep learning, mobile ai & aim 2022 challenge: Report",University of Würzburg,Würzburg,Germany,9.95121,49.79391,institution city (ROR),E-0711,16,E-0569,E-0769,Sources/Affiliation-Pages/E-0711.pdf#page=1,https://arxiv.org/pdf/2211.05256,"Affiliations: 1 Computer Vision Lab, ETH Zurich, Switzerland 2 AI Witchlabs, Switzerland 3 University of Wuerzburg, Germany",
P-110,GS-0239,JlY8-jYZqd0J,"Power efficient video super-resolution on mobile npus with deep learning, mobile ai & aim 2022 challenge: Report",National Yang Ming Chiao Tung University,Hsinchu,Taiwan,120.96861,24.80361,institution city (ROR),E-0711,16,E-0501,E-0769,Sources/Affiliation-Pages/E-0711.pdf#page=1,https://arxiv.org/pdf/2211.05256,"2 AI Witchlabs, Switzerland 3 University of Wuerzburg, Germany 4 MediaTek Inc., Taiwan 5 National Yang Ming Chiao Tung University, Taiwan",
P-049,GS-0239,JlY8-jYZqd0J,"Power efficient video super-resolution on mobile npus with deep learning, mobile ai & aim 2022 challenge: Report",Xi'an Jiaotong University,Xi'an,China,108.92861,34.25833,institution city (ROR),E-0711,17,E-0541,E-0769,Sources/Affiliation-Pages/E-0711.pdf#page=2,https://arxiv.org/pdf/2211.05256,"Xuncheng Liu (liuxuncheng123@stu.xjtu.edu.cn), Weizhan Zhang, Caixia Yan, Haipeng Du, Qinghua Zheng, Qi Wang, Wangdu Chen Affiliations: School of Computer Science and Technology, Xi’an Jiaotong University, China",
P-019,GS-0239,JlY8-jYZqd0J,"Power efficient video super-resolution on mobile npus with deep learning, mobile ai & aim 2022 challenge: Report",North China University of Technology,Beijing,China,116.39723,39.9075,institution city (ROR),E-0711,17,E-0545,E-0769,Sources/Affiliation-Pages/E-0711.pdf#page=2,https://arxiv.org/pdf/2211.05256,"Members: Shijie Yue (1161126955@qq.com), Chenghua Li, Zhengyang Zhuge Affiliations: North China University of Technology, China",
P-119,GS-0239,JlY8-jYZqd0J,"Power efficient video super-resolution on mobile npus with deep learning, mobile ai & aim 2022 challenge: Report",University of Oxford,Oxford,United Kingdom,-1.25596,51.75222,institution city (ROR),E-0711,18,E-0564,E-0769,Sources/Affiliation-Pages/E-0711.pdf#page=3,https://arxiv.org/pdf/2211.05256,"Affiliations: 14Paradigm Inc., Beijing, China 2National University of Defense Technology, Changsha, China 3University of Oxford, Oxford, United Kingdom",
P-104,GS-0239,JlY8-jYZqd0J,"Power efficient video super-resolution on mobile npus with deep learning, mobile ai & aim 2022 challenge: Report",Uppsala University,Uppsala,Sweden,17.63889,59.85882,institution city (ROR),E-0711,18,E-0556,E-0769,Sources/Affiliation-Pages/E-0711.pdf#page=3,https://arxiv.org/pdf/2211.05256,"Members: Wenyi Lian (shermanlian@163.com), Wenjing Lian Affiliations: Uppsala University, Sweden",
P-026,GS-0239,JlY8-jYZqd0J,"Power efficient video super-resolution on mobile npus with deep learning, mobile ai & aim 2022 challenge: Report",National University of Defense Technology,Changsha,China,112.97087,28.19874,institution city (ROR),E-0711,18,E-0505,E-0769,Sources/Affiliation-Pages/E-0711.pdf#page=3,https://arxiv.org/pdf/2211.05256,"hua Cheng3 Affiliations: 14Paradigm Inc., Beijing, China 2National University of Defense Technology, Changsha, China",
P-107,GS-0323,9949zZSrAmMJ,xtern: Energy-efficient ternary neural network inference on risc-v-based edge systems,ETH Zurich,Zurich,Switzerland,8.55,47.36667,institution city (ROR),E-0607,1,E-0558,E-0770,Sources/Affiliation-Pages/E-0607.pdf#page=1,https://arxiv.org/pdf/2405.19065,"xTern: Energy-Efficient Ternary Neural Network Inference on RISC-V-Based Edge Systems Georg Rutishauser∗, Joan Mihali†, Moritz Scherer∗, Luca Benini∗† ∗Departement Informationstechnologie und Elektrotechnik, ETH Z¨urich, Z¨urich, Switzerland",
P-080,GS-0323,9949zZSrAmMJ,xtern: Energy-efficient ternary neural network inference on risc-v-based edge systems,University of Bologna,Bologna,Italy,11.33875,44.49381,institution city (ROR),E-0607,1,E-0507,E-0770,Sources/Affiliation-Pages/E-0607.pdf#page=1,https://arxiv.org/pdf/2405.19065,"Inference on RISC-V-Based Edge Systems Georg Rutishauser∗, Joan Mihali†, Moritz Scherer∗, Luca Benini∗† ∗Departement Informationstechnologie und Elektrotechnik, ETH Z¨urich, Z¨urich, Switzerland †Dipartimento di Ingegneria dell’Energia Elettrica e dell’Informazione, Universit`a di Bologna, Bologna, Italy",
P-050,GS-0086,mz3Z2dBf1yEJ,Effective and fast: A novel sequential single path search for mixed-precision quantization,Xidian University,Xi'an,China,108.92861,34.25833,institution city (ROR),E-0066,1,E-0526,E-0771,Sources/Affiliation-Pages/E-0066.pdf#page=1,https://arxiv.org/pdf/2103.02904,"Qigong Sun, Licheng Jiao, Yan Ren, Xiufang Li, Fanhua Shang, Fang Liu Key Laboratory of Intelligent Perception and Image Understanding of Ministry of Education, International Research Center for Intelligent Perception and Computation, Joint International Research Laboratory of Intelligent Perception and Computation, School of Artiﬁcial Intelligence, Xidian University, Xi’an, Shaanxi Province 710071, China",
P-061,GS-0242,rUxxGWFUiCEJ,ProxSim: GPU-based simulation framework for cross-layer approximate DNN optimization,TU Dresden,Dresden,Germany,13.73832,51.05089,institution city (ROR),E-0613,1,E-0522,E-0772,Sources/Affiliation-Pages/E-0613.pdf#page=1,https://esim-project.eu/files/Images/people/chair-pd/Papers/date_framework.pdf,"Akash Kumar Technological University of Dresden Dresden, Germany akash.kumar@tu-dresden.de",
P-147,GS-0100,G2MGuCYj2eAJ,End-to-End Inference Optimization for Deep Learning-based Image Upsampling Networks,"University of California, San Diego",San Diego,United States,-117.16472,32.71571,institution city (ROR),E-0619,1,E-0559,E-0773,Sources/Affiliation-Pages/E-0619.pdf#page=1,https://escholarship.org/content/qt21q014c9/qt21q014c9_noSplash_91f3f013a62c5ad3d56e208f8702e707.pdf,UNIVERSITY OF CALIFORNIA SAN DIEGO End-to-End Inference Optimization for Deep Learning-based Image Upsampling Networks A dissertation submitted in partial satisfaction of the,
P-100,GS-0192,G9JuJQg9kbkJ,Lsq+: Improving low-bit quantization through learnable offsets and better initialization,Seoul National University,Seoul,South Korea,126.9784,37.566,institution city (ROR),E-0673,1,E-0529,E-0774,Sources/Affiliation-Pages/E-0673.pdf#page=1,https://arxiv.org/pdf/2004.09576,"Nojun Kwak3† 1Qualcomm AI Research, Qualcomm Technologies, Inc. 2Qualcomm AI Research, Qualcomm Technologies Netherlands B.V. 3Seoul National University",
P-052,GS-0283,Dtt4OyClPHsJ,Some Remarks on Replicated Simulated Annealing: V. Gripon,IMT Atlantique,Brest,France,-4.4861,48.3904,publication city; approximate display coordinate,E-0707,1,E-0560,E-0775,Sources/Affiliation-Pages/E-0707.pdf#page=1,https://link.springer.com/content/pdf/10.1007/s10955-021-02727-z.pdf?error=cookies_not_supported&code=5a14e526-c5c8-41a5-a9c5-2b5ad4f53ab1,B Matthias Löwe maloewe@math.uni-muenster.de Vicent Gripon vincent.gripon@imt-atlantique.fr,The publication specifies Brest; do not use ROR main seat Nantes.
P-066,GS-0283,Dtt4OyClPHsJ,Some Remarks on Replicated Simulated Annealing: V. Gripon,University of Münster,Münster,Germany,7.62571,51.96236,institution city (ROR),E-0707,1,E-0514,E-0775,Sources/Affiliation-Pages/E-0707.pdf#page=1,https://link.springer.com/content/pdf/10.1007/s10955-021-02727-z.pdf?error=cookies_not_supported&code=5a14e526-c5c8-41a5-a9c5-2b5ad4f53ab1,"1 IMT Atlantique UMR CNRS Lab-STICC, Technopole Brest Iroise, 29238 Brest, France 2 Fachbereich Mathematik und Informatik, Universität Münster, Einsteinstraße 62, 48149 Münster,",
P-120,GS-0306,fkirbesPBjoJ,Towards real-world continual learning for human activity recognition,University of St Andrews,St Andrews,United Kingdom,-2.79902,56.33871,institution city (ROR),E-0696,1,E-0532,E-0776,Sources/Affiliation-Pages/E-0696.pdf#page=1,https://research-repository.st-andrews.ac.uk/bitstream/handle/10023/31787/Thesis-Martin-Schiemer-complete-version.pdf?sequence=3,Martin Schiemer  A thesis submitted for the degree of PhD  at the  University of St Andrews ,
P-022,GS-0196,OS0mYYZbG6EJ,Mega: A memory-efficient gnn accelerator exploiting degree-aware mixed-precision quantization,University of Chinese Academy of Sciences,Beijing,China,116.39723,39.9075,institution city (ROR),E-0723,1,E-0499,E-0777,Sources/Affiliation-Pages/E-0723.pdf#page=1,https://arxiv.org/pdf/2311.09775,"Quantization Zeyu Zhu1,2† Fanrong Li1† Gang Li3‡ Zejian Liu1 Zitao Mo1 Qinghao Hu1 Xiaoyao Liang3 Jian Cheng1,2,4,5‡ 1Institute of Automation, Chinese Academy of Sciences 2School of Future Technology, University of Chinese Academy of Sciences",
P-042,GS-0196,OS0mYYZbG6EJ,Mega: A memory-efficient gnn accelerator exploiting degree-aware mixed-precision quantization,Shanghai Jiao Tong University,Shanghai,China,121.45806,31.22222,institution city (ROR),E-0723,1,E-0534,E-0777,Sources/Affiliation-Pages/E-0723.pdf#page=1,https://arxiv.org/pdf/2311.09775,"Zeyu Zhu1,2† Fanrong Li1† Gang Li3‡ Zejian Liu1 Zitao Mo1 Qinghao Hu1 Xiaoyao Liang3 Jian Cheng1,2,4,5‡ 1Institute of Automation, Chinese Academy of Sciences 2School of Future Technology, University of Chinese Academy of Sciences 3Shanghai Jiao Tong University",
P-134,GS-0165,_aySyVJHUbEJ,In-memory computing to accelerate machine learning,"University of California, Irvine",Irvine,United States,-117.82311,33.66946,institution city (ROR),E-0713,1,E-0581,E-0778,Sources/Affiliation-Pages/E-0713.pdf#page=1,https://escholarship.org/content/qt7r59192k/qt7r59192k.pdf,UC Irvine UC Irvine Electronic Theses and Dissertations Title,
P-020,GS-0305,6BybiSwWZY0J,Towards machine learning for placement and routing in chip design: a methodological overview,Peking University,Beijing,China,116.39723,39.9075,institution city (ROR),E-0646,1,E-0497,E-0779,Sources/Affiliation-Pages/E-0646.pdf#page=1,https://arxiv.org/pdf/2202.13564,"Methodological Overview Junchi Yan1∗, Xianglong Lyu1 , Ruoyu Cheng1 , Yibo Lin2∗ 1Department of CSE, and MoE Key Lab of Artiﬁcial Intelligence, Shanghai Jiao Tong University 2Department of EECS, Peking University",
P-042,GS-0305,6BybiSwWZY0J,Towards machine learning for placement and routing in chip design: a methodological overview,Shanghai Jiao Tong University,Shanghai,China,121.45806,31.22222,institution city (ROR),E-0646,1,E-0534,E-0779,Sources/Affiliation-Pages/E-0646.pdf#page=1,https://arxiv.org/pdf/2202.13564,"Towards Machine Learning for Placement and Routing in Chip Design: a Methodological Overview Junchi Yan1∗, Xianglong Lyu1 , Ruoyu Cheng1 , Yibo Lin2∗ 1Department of CSE, and MoE Key Lab of Artiﬁcial Intelligence, Shanghai Jiao Tong University",
P-107,GS-0176,ytLGdPpmLGkJ,"Learned smartphone isp on mobile gpus with deep learning, mobile ai & aim 2022 challenge: report",ETH Zurich,Zurich,Switzerland,8.55,47.36667,institution city (ROR),E-0617,19,E-0558,E-0780,Sources/Affiliation-Pages/E-0617.pdf#page=1,https://arxiv.org/pdf/2211.03885,"Members: Andrey Ignatov1,2 (andrey@vision.ee.ethz.ch), Radu Timofte1,2,3 Affiliations: 1 Computer Vision Lab, ETH Zurich, Switzerland",
P-069,GS-0176,ytLGdPpmLGkJ,"Learned smartphone isp on mobile gpus with deep learning, mobile ai & aim 2022 challenge: report",University of Würzburg,Würzburg,Germany,9.95121,49.79391,institution city (ROR),E-0617,19,E-0569,E-0780,Sources/Affiliation-Pages/E-0617.pdf#page=1,https://arxiv.org/pdf/2211.03885,"Affiliations: 1 Computer Vision Lab, ETH Zurich, Switzerland 2 AI Witchlabs, Switzerland 3 University of Wuerzburg, Germany",
P-021,GS-0176,ytLGdPpmLGkJ,"Learned smartphone isp on mobile gpus with deep learning, mobile ai & aim 2022 challenge: report",Tsinghua University,Beijing,China,116.39723,39.9075,institution city (ROR),E-0617,20,E-0533,E-0780,Sources/Affiliation-Pages/E-0617.pdf#page=2,https://arxiv.org/pdf/2211.03885,"1 Harbin Institute of Technology, China 2 Zhejiang University, China 3 University of Shanghai for Science and Technology, China 4 Tsinghua University, China",
P-033,GS-0176,ytLGdPpmLGkJ,"Learned smartphone isp on mobile gpus with deep learning, mobile ai & aim 2022 challenge: report",Zhejiang University,Hangzhou,China,120.16142,30.29365,institution city (ROR),E-0617,20,E-0496,E-0780,Sources/Affiliation-Pages/E-0617.pdf#page=2,https://arxiv.org/pdf/2211.03885,"Zhang Affiliations: 1 Harbin Institute of Technology, China 2 Zhejiang University, China",
P-041,GS-0176,ytLGdPpmLGkJ,"Learned smartphone isp on mobile gpus with deep learning, mobile ai & aim 2022 challenge: report",Fudan University,Shanghai,China,121.45806,31.22222,institution city (ROR),E-0617,21,E-0520,E-0780,Sources/Affiliation-Pages/E-0617.pdf#page=3,https://arxiv.org/pdf/2211.03885,"Zhiming Wang4 Affiliations: 1 Institute of Automation, Chinese Academy of Sciences, China 2 School of Computer Science, Fudan University, China",
P-043,GS-0176,ytLGdPpmLGkJ,"Learned smartphone isp on mobile gpus with deep learning, mobile ai & aim 2022 challenge: report",ShanghaiTech University,Shanghai,China,121.45806,31.22222,institution city (ROR),E-0617,22,E-0488,E-0780,Sources/Affiliation-Pages/E-0617.pdf#page=4,https://arxiv.org/pdf/2211.03885,"Members: Mengchuan Dong (mengchuan61@gmail.com), Wei Zhou, Cong Pang Affiliations: ShanghaiTech University, China",
P-138,GS-0189,2e5Cg1IJRlwJ,Low-precision floating-point arithmetic for high-performance FPGA-based CNN acceleration,"University of California, Los Angeles",Los Angeles,United States,-118.24368,34.05223,institution city (ROR),E-0110,1,E-0473,E-0781,Sources/Affiliation-Pages/E-0110.pdf#page=1,https://arxiv.org/pdf/2003.03852,"forward process of a 224×224 RGB image increases from C. Wu, M. Wang, X. Chu, K. Wang and L. He are with the Department of Electrical and Computer Engineering, University of California, Los Ange- les, CA, 90095, USA (e-mail: chenwu1989@ucla.edu, mingyuw@ucla.edu,",
P-107,GS-0002,99K2kZpOaZkJ,12 mJ per class on-device online few-shot class-incremental learning,ETH Zurich,Zurich,Switzerland,8.55,47.36667,institution city (ROR),E-0631,1,E-0558,E-0782,Sources/Affiliation-Pages/E-0631.pdf#page=1,https://arxiv.org/pdf/2403.07851?,"Few-Shot Class-Incremental Learning Yoga Esa Wibowo‡, Cristian Cioflan*†, Thorir Mar Ingolfsson†, Michael Hersche†¶, Leo Zhao‡, Abbas Rahimi¶, Luca Benini†§ ‡D-ITET, ETH Zurich; †Integrated Systems Laboratory, ETH Zurich; ¶IBM Research-Zurich; §DEI, University of Bologna",
P-080,GS-0002,99K2kZpOaZkJ,12 mJ per class on-device online few-shot class-incremental learning,University of Bologna,Bologna,Italy,11.33875,44.49381,institution city (ROR),E-0631,1,E-0507,E-0782,Sources/Affiliation-Pages/E-0631.pdf#page=1,https://arxiv.org/pdf/2403.07851?,"Few-Shot Class-Incremental Learning Yoga Esa Wibowo‡, Cristian Cioflan*†, Thorir Mar Ingolfsson†, Michael Hersche†¶, Leo Zhao‡, Abbas Rahimi¶, Luca Benini†§ ‡D-ITET, ETH Zurich; †Integrated Systems Laboratory, ETH Zurich; ¶IBM Research-Zurich; §DEI, University of Bologna",
P-156,GS-0241,D-tYFZDL75YJ,Pretraining Transformers with Quantized Softmax in Attention,University of Illinois Urbana-Champaign,Urbana,United States,-88.20727,40.11059,institution city (ROR),E-0604,1,E-0525,E-0783,Sources/Affiliation-Pages/E-0604.pdf#page=1,https://arxiv.org/pdf/2609.33591,"PRETRAINING TRANSFORMERS WITH QUANTIZED SOFTMAX IN ATTENTION Shangzhen Zhu, Muyan Hu & Tomasz Kozlowski University of Illinois Urbana-Champaign",
P-107,GS-0033,uTfdAIswgrMJ,AnalogNets: ML-HW co-design of noise-robust TinyML models and always-on analog compute-in-memory accelerator,ETH Zurich,Zurich,Switzerland,8.55,47.36667,institution city (ROR),E-0065,1,E-0558,E-0784,Sources/Affiliation-Pages/E-0065.pdf#page=1,https://arxiv.org/pdf/2111.06503,"*Equal contribution 1Arm Research, Boston, US 2Arm Re- search, Cambridge, UK 3IBM Research, Z¨urich, Switzerland 4ETH Z¨urich, Z¨urich, Switzerland. Correspondence to: Chuteng Zhou",
P-118,GS-0107,_TxQipMwwdwJ,Exploring FPGA designs for MX and beyond,Imperial College London,London,United Kingdom,-0.12574,51.50853,institution city (ROR),E-0692,1,E-0465,E-0785,Sources/Affiliation-Pages/E-0692.pdf#page=1,https://arxiv.org/pdf/2407.01475?,Exploring FPGA designs for MX and beyond Ebby Samson Imperial College London,
P-015,GS-0316,o5ywDx3WecsJ,Understanding neural network binarization with forward and backward proximal quantizers,University of Waterloo,Waterloo,Canada,-80.51639,43.4668,institution city (ROR),E-0701,1,E-0565,E-0786,Sources/Affiliation-Pages/E-0701.pdf#page=1,https://proceedings.neurips.cc/paper_files/paper/2023/file/7f70331dbe58ad59d83941dfa7d975aa-Paper-Conference.pdf,Forward and Backward Proximal Quantizers Yiwei Lu∗ School of Computer Science University of Waterloo,
P-014,GS-0316,o5ywDx3WecsJ,Understanding neural network binarization with forward and backward proximal quantizers,Vector Institute,Toronto,Canada,-79.39864,43.70643,institution city (ROR),E-0701,1,E-0523,E-0786,Sources/Affiliation-Pages/E-0701.pdf#page=1,https://proceedings.neurips.cc/paper_files/paper/2023/file/7f70331dbe58ad59d83941dfa7d975aa-Paper-Conference.pdf,Yiwei Lu∗ School of Computer Science University of Waterloo Vector Institute,
P-149,GS-0249,yG264x3cFRYJ,Quantization-aware and tensor-compressed training of transformers for natural language understanding,"University of California, Santa Barbara",Santa Barbara,United States,-119.69819,34.42083,institution city (ROR),E-0594,1,E-0576,E-0787,Sources/Affiliation-Pages/E-0594.pdf#page=1,https://arxiv.org/pdf/2306.01076,"Quantization-Aware and Tensor-Compressed Training of Transformers for Natural Language Understanding Zi Yang1, Samridhi Choudhary2, Siegfried Kunzmann2, Zheng Zhang1 1 Department of Electrical & Computer Engineering, University of California, Santa Barbara, CA",
P-015,GS-0288,qfFIxfVQuAIJ,Starting Positions Matter: A Study on Better Weight Initialization for Neural Network Quantization,University of Waterloo,Waterloo,Canada,-80.51639,43.4668,institution city (ROR),E-0683,1,E-0565,E-0788,Sources/Affiliation-Pages/E-0683.pdf#page=1,https://arxiv.org/pdf/2506.10463?,"Starting Positions Matter: A Study on Better Weight Initialization for Neural Network Quantization Stone Yun Vision and Image Processing Research Group, University of Waterloo",
P-107,GS-0088,WAaxBn8nmHkJ,"Efficient and accurate quantized image super-resolution on mobile npus, mobile ai & aim 2022 challenge: report",ETH Zurich,Zurich,Switzerland,8.55,47.36667,institution city (ROR),E-0675,27,E-0558,E-0789,Sources/Affiliation-Pages/E-0675.pdf#page=1,https://arxiv.org/pdf/2211.05910,"@vision.ee.ethz.ch), Maurizio Denna4 (maurizio.denna@synaptics.com), Abdel Younes4 (abdel.younes@synaptics.com) Affiliations: 1 Computer Vision Lab, ETH Z ̈urich, Switzerland",
P-069,GS-0088,WAaxBn8nmHkJ,"Efficient and accurate quantized image super-resolution on mobile npus, mobile ai & aim 2022 challenge: report",University of Würzburg,Würzburg,Germany,9.95121,49.79391,institution city (ROR),E-0675,27,E-0569,E-0789,Sources/Affiliation-Pages/E-0675.pdf#page=1,https://arxiv.org/pdf/2211.05910,"Affiliations: 1 Computer Vision Lab, ETH Z ̈urich, Switzerland 2 AI Witchlabs, Switzerland 3 University of W ̈urzburg, Germany",
P-040,GS-0088,WAaxBn8nmHkJ,"Efficient and accurate quantized image super-resolution on mobile npus, mobile ai & aim 2022 challenge: report",East China Normal University,Shanghai,China,121.45806,31.22222,institution city (ROR),E-0675,28,E-0537,E-0789,Sources/Affiliation-Pages/E-0675.pdf#page=2,https://arxiv.org/pdf/2211.05910,"Jiahao Chao (51215902006@stu.ecnu.edu.cn), Zhou Zhou, Hongfan Gao, Zhengfeng Yang, Zhenbing Zeng Affiliations: East China Normal University, China",
P-038,GS-0088,WAaxBn8nmHkJ,"Efficient and accurate quantized image super-resolution on mobile npus, mobile ai & aim 2022 challenge: report",Nanjing University of Science and Technology,Nanjing,China,118.77778,32.06167,institution city (ROR),E-0675,29,E-0554,E-0789,Sources/Affiliation-Pages/E-0675.pdf#page=3,https://arxiv.org/pdf/2211.05910,"Lingshun Kong (konglingshun@njust.edu.cn), Long Sun, Xiang Li, Xingdong Zhang, Jiawei Zhang, Yaqi Wu, Jinshan Pan Affiliations: Nanjing University of Science and Technology, China",
P-028,GS-0088,WAaxBn8nmHkJ,"Efficient and accurate quantized image super-resolution on mobile npus, mobile ai & aim 2022 challenge: report",University of Electronic Science and Technology of China,Chengdu,China,104.06667,30.66667,institution city (ROR),E-0675,30,E-0470,E-0789,Sources/Affiliation-Pages/E-0675.pdf#page=4,https://arxiv.org/pdf/2211.05910,"qiang Fan, Shuaicheng Liu Affiliations: Megvii Technology, China University of Electronic Science and Technology of China (UESTC), China",
P-050,GS-0088,WAaxBn8nmHkJ,"Efficient and accurate quantized image super-resolution on mobile npus, mobile ai & aim 2022 challenge: report",Xidian University,Xi'an,China,108.92861,34.25833,institution city (ROR),E-0675,30,E-0526,E-0789,Sources/Affiliation-Pages/E-0675.pdf#page=4,https://arxiv.org/pdf/2211.05910,"Members: Lize Zhang (lzzhang 98@stu.xidian.edu.cn), Zhikai Zong Affiliations: Xidian University, China",
P-048,GS-0088,WAaxBn8nmHkJ,"Efficient and accurate quantized image super-resolution on mobile npus, mobile ai & aim 2022 challenge: report",Wuhan University,Wuhan,China,114.26667,30.58333,institution city (ROR),E-0675,30,E-0471,E-0789,Sources/Affiliation-Pages/E-0675.pdf#page=4,https://arxiv.org/pdf/2211.05910,"Junxi Zhang (sissie zhang@whu.edu.cn), Mengyuan Li, Nianxiang Fu, Guanchen Ding, Han Zhu, Zhenzhong Chen Affiliations: Wuhan University, China",
P-100,GS-0088,WAaxBn8nmHkJ,"Efficient and accurate quantized image super-resolution on mobile npus, mobile ai & aim 2022 challenge: report",Seoul National University,Seoul,South Korea,126.9784,37.566,institution city (ROR),E-0675,32,E-0529,E-0789,Sources/Affiliation-Pages/E-0675.pdf#page=5,https://arxiv.org/pdf/2211.05910,"Seongmin Hong (smhongok@snu.ac.kr), Dongwon Park, Joonhee Lee, Byeong Hyun Lee, Seunggyu Lee, Se Young Chun Affiliations: Intelligent Computational Imaging Lab, Seoul National University, South Korea",
P-042,GS-0088,WAaxBn8nmHkJ,"Efficient and accurate quantized image super-resolution on mobile npus, mobile ai & aim 2022 challenge: report",Shanghai Jiao Tong University,Shanghai,China,121.45806,31.22222,institution city (ROR),E-0675,33,E-0534,E-0789,Sources/Affiliation-Pages/E-0675.pdf#page=6,https://arxiv.org/pdf/2211.05910,"Garas Gendy1 (garasgaras@yahoo.com), Nabil Sabor2, Jingchao Hou1, Guanghui He1 Affiliations: 1 Shanghai Jiao Tong University, China",
P-145,GS-0234,0xJEP_5NeCEJ,Pareto-Optimal Quantized ResNet Is Mostly 4-bit,"University of California, Riverside",Riverside,United States,-117.39616,33.95335,institution city (ROR),E-0047,1,E-0472,E-0790,Sources/Affiliation-Pages/E-0047.pdf#page=1,https://arxiv.org/pdf/2105.03536,"Pareto-Optimal Quantized ResNet Is Mostly 4-bit AmirAli Abdolrashidi*a, Lisa Wang*b, Shivani Agrawalb, Jonathan Malmaudb, Oleg Rybakovb, Chas Leichnerb, Lukasz Lewb aUniversity of California, Riverside, CA, USA",
P-139,GS-0016,_3M4dZakdtkJ,ACE-SNN: Algorithm-hardware co-design of energy-efficient & low-latency deep spiking neural networks for 3d image recognition,University of Southern California,Los Angeles,United States,-118.24368,34.05223,institution city (ROR),E-0664,1,E-0567,E-0791,Sources/Affiliation-Pages/E-0664.pdf#page=1,https://www.frontiersin.org/journals/neuroscience/articles/10.3389/fnins.2022.815258/pdf,"Low-Latency Deep Spiking Neural Networks for 3D Image Recognition Gourav Datta*, Souvik Kundu, Akhilesh R. Jaiswal and Peter A. Beerel Ming Hsieh Department of Electrical and Computer Engineering, University of Southern California, Los Angeles, CA,",
P-032,GS-0001,hSmDWjmxfBcJ,一种量化因子自适应学习量化训练算法,South China Agricultural University,Guangzhou,China,113.25,23.11667,institution city (ROR),E-0659,1,E-0491,E-0792,Sources/Affiliation-Pages/E-0659.pdf#page=1,https://www.china-simulation.com/CN/article/downloadArticleFile.do?attachType=PDF&id=2957,"Nie Hui1,2, Li Kangshun1,2,3∗, Su Yang1 (1. School of Computer and Informatics, City College of Dongguan University of Technology, Dongguan 523430, China; 2. School of Computer Science, Guangdong University of Science and Technology, Dongguan 523000, China; 3. College of Mathematics and Informatics College, South China Agricultural University, Guangzhou 510046, China)",
P-030,GS-0001,hSmDWjmxfBcJ,一种量化因子自适应学习量化训练算法,Guangdong University of Science and Technology,Dongguan,China,113.74866,23.01797,institution city (ROR),E-0659,1,E-0547,E-0792,Sources/Affiliation-Pages/E-0659.pdf#page=1,https://www.china-simulation.com/CN/article/downloadArticleFile.do?attachType=PDF&id=2957,"A Quantization Training Algorithm of Adaptive Learning Quantization Scale Fators Nie Hui1,2, Li Kangshun1,2,3∗, Su Yang1 (1. School of Computer and Informatics, City College of Dongguan University of Technology, Dongguan 523430, China; 2. School of Computer Science, Guangdong University of Science and Technology, Dongguan 523000, China;",
P-054,GS-0022,WjqLbifZC3kJ,AdaQAT: Adaptive bit-width quantization-aware training,University of Rennes,Rennes,France,-1.67431,48.11109,institution city (ROR),E-0079,1,E-0467,E-0793,Sources/Affiliation-Pages/E-0079.pdf#page=1,https://arxiv.org/pdf/2404.16876,"AdaQAT: Adaptive Bit-Width Quantization-Aware Training C´edric Gernigon Univ. Rennes, Inria, CNRS, IRISA",
P-061,GS-0111,kuO3AQjwpEAJ,Fabrication and Characterization of AlGaN/GaN Metal-Insulator-Semiconductor High Electron Mobility Transistors for High Power Applications,TU Dresden,Dresden,Germany,13.73832,51.05089,institution city (ROR),E-0698,1,E-0522,E-0794,Sources/Affiliation-Pages/E-0698.pdf#page=1,https://tud.qucosa.de/en/api/qucosa%3A81276/attachment/ATT-0/,      Technische Universität Dresden ,
P-107,GS-0095,PU2tfr3z9DkJ,"Efficient single-image depth estimation on mobile devices, mobile AI & AIM 2022 challenge: report",ETH Zurich,Zurich,Switzerland,8.55,47.36667,institution city (ROR),E-0724,14,E-0558,E-0795,Sources/Affiliation-Pages/E-0724.pdf#page=1,https://arxiv.org/pdf/2211.04470,"Andrey Ignatov1,2 (andrey@vision.ee.ethz.ch), Grigory Malivenko (grigory.malivenko @gmail.com), Radu Timofte1,2,3 (radu.timofte@vision.ee.ethz.ch) Affiliations: 1 Computer Vision Lab, ETH Zurich, Switzerland",
P-069,GS-0095,PU2tfr3z9DkJ,"Efficient single-image depth estimation on mobile devices, mobile AI & AIM 2022 challenge: report",University of Würzburg,Würzburg,Germany,9.95121,49.79391,institution city (ROR),E-0724,14,E-0569,E-0795,Sources/Affiliation-Pages/E-0724.pdf#page=1,https://arxiv.org/pdf/2211.04470,"Affiliations: 1 Computer Vision Lab, ETH Zurich, Switzerland 2 AI Witchlabs, Switzerland 3 University of Wuerzburg, Germany",
P-047,GS-0095,PU2tfr3z9DkJ,"Efficient single-image depth estimation on mobile devices, mobile AI & AIM 2022 challenge: report",Huazhong University of Science and Technology,Wuhan,China,114.26667,30.58333,institution city (ROR),E-0724,16,E-0517,E-0795,Sources/Affiliation-Pages/E-0724.pdf#page=2,https://arxiv.org/pdf/2211.04470,"Affiliations: National Key Laboratory of Science and Technology on Multi-Spectral Infor- mation Processing, School of Artificial Intelligence and Automation, Huazhong University of Science and Technology, China",
P-100,GS-0095,PU2tfr3z9DkJ,"Efficient single-image depth estimation on mobile devices, mobile AI & AIM 2022 challenge: report",Seoul National University,Seoul,South Korea,126.9784,37.566,institution city (ROR),E-0724,16,E-0529,E-0795,Sources/Affiliation-Pages/E-0724.pdf#page=2,https://arxiv.org/pdf/2211.04470,"Byeong Hyun Lee (ldlqudgus756@snu.ac.kr), Dongwon Park, Seongmin Hong, Joonhee Lee, Seunggyu Lee, Se Young Chun Affiliations: Department of Electrical and Computer Engineering, Seoul National University,",
P-012,GS-0226,yAhK9lfakF8J,Optimization of Convolutional Neural Networks for Constrained Devices through Binarization,Carleton University,Ottawa,Canada,-75.69812,45.41117,institution city (ROR),E-0076,1,E-0575,E-0797,Sources/Affiliation-Pages/E-0076.pdf#page=1,http://repository.library.carleton.ca/downloads/v979v417r,Electrical and Computer Engineering      Carleton University ,
P-115,GS-0315,GxAibCeHbVIJ,Understanding how orthogonality of parameters improves quantization of neural networks,Bilkent University,Ankara,Türkiye,32.85427,39.91987,institution city (ROR),E-0109,1,E-0574,E-0798,Sources/Affiliation-Pages/E-0109.pdf#page=1,https://repository.bilkent.edu.tr/bitstreams/22d7da4c-4e45-4d72-b55b-fb078da82b59/download,"Clara, CA 95051 USA (e-mail: seryilmaz@nvidia.com). Aysegul Dundar is with the Department of Computer Science, Bilkent University, 06800 Ankara, Turkey (e-mail: adundar@cs.bilkent.edu.tr).",
P-107,GS-0270,sZbFeKRkWisJ,"Rgb photo enhancement on mobile gpus, mobile ai 2025 challenge: Report",ETH Zurich,Zurich,Switzerland,8.55,47.36667,institution city (ROR),E-0730,8,E-0558,E-0799,Sources/Affiliation-Pages/E-0730.pdf#page=1,https://openaccess.thecvf.com/content/CVPR2025W/MAI/papers/Ignatov_RGB_Photo_Enhancement_on_Mobile_GPUs_Mobile_AI_2025_Challenge_CVPRW_2025_paper.pdf,"de), Radu Timofte2,3 (radu.timofte@uni-wuerzburg.de) Affiliations: 1 Computer Vision Lab, ETH Zurich, Switzerland",
P-028,GS-0270,sZbFeKRkWisJ,"Rgb photo enhancement on mobile gpus, mobile ai 2025 challenge: Report",University of Electronic Science and Technology of China,Chengdu,China,104.06667,30.66667,institution city (ROR),E-0730,8,E-0470,E-0799,Sources/Affiliation-Pages/E-0730.pdf#page=1,https://openaccess.thecvf.com/content/CVPR2025W/MAI/papers/Ignatov_RGB_Photo_Enhancement_on_Mobile_GPUs_Mobile_AI_2025_Challenge_CVPRW_2025_paper.pdf,"Zhang, Zhe Liu, Ce Zhu, Le Zhang Affiliations: School of Information and Communication Engineering, Univer- sity of Electronic Science and Technology of China (UESTC)",
P-069,GS-0270,sZbFeKRkWisJ,"Rgb photo enhancement on mobile gpus, mobile ai 2025 challenge: Report",University of Würzburg,Würzburg,Germany,9.95121,49.79391,institution city (ROR),E-0730,8,E-0569,E-0799,Sources/Affiliation-Pages/E-0730.pdf#page=1,https://openaccess.thecvf.com/content/CVPR2025W/MAI/papers/Ignatov_RGB_Photo_Enhancement_on_Mobile_GPUs_Mobile_AI_2025_Challenge_CVPRW_2025_paper.pdf,"Radu Timofte2,3 (radu.timofte@uni-wuerzburg.de) Affiliations: 1 Computer Vision Lab, ETH Zurich, Switzerland 2 Computer Vision Lab, University of W ̈urzburg, Germany",
P-107,GS-0113,uUBRqOpsIrEJ,Fast and accurate camera scene detection on smartphones,ETH Zurich,Zurich,Switzerland,8.55,47.36667,institution city (ROR),E-0069,1,E-0558,E-0800,Sources/Affiliation-Pages/E-0069.pdf#page=1,https://arxiv.org/pdf/2105.07869,"Moritz Prussing Radu Timofte Andrey Ignatov ETH Zurich, Switzerland",
P-147,GS-0245,gbfAkSDI-A8J,Ps and qs: Quantization-aware pruning for efficient low latency neural network inference,"University of California, San Diego",San Diego,United States,-117.16472,32.71571,institution city (ROR),E-0118,1,E-0559,E-0801,Sources/Affiliation-Pages/E-0118.pdf#page=1,https://arxiv.org/pdf/2102.11289,"Benjamin Hawks 1, Javier Duarte 2, Nicholas J. Fraser 3, Alessandro Pappalardo 3, Nhan Tran 1,4, Yaman Umuroglu 3 1Fermi National Accelerator Laboratory, Batavia, IL, United States 2University of California San Diego, La Jolla, CA, United States, 3Xilinx Research, Dublin, Ireland,",
P-131,GS-0245,gbfAkSDI-A8J,Ps and qs: Quantization-aware pruning for efficient low latency neural network inference,Northwestern University,Evanston,United States,-87.69006,42.04114,institution city (ROR),E-0118,1,E-0482,E-0801,Sources/Affiliation-Pages/E-0118.pdf#page=1,https://arxiv.org/pdf/2102.11289,"Pappalardo 3, Nhan Tran 1,4, Yaman Umuroglu 3 1Fermi National Accelerator Laboratory, Batavia, IL, United States 2University of California San Diego, La Jolla, CA, United States, 3Xilinx Research, Dublin, Ireland, 4Northwestern University, Evanston, IL, United States",
P-124,GS-0245,gbfAkSDI-A8J,Ps and qs: Quantization-aware pruning for efficient low latency neural network inference,Fermi National Accelerator Laboratory,Batavia,United States,-88.31257,41.85003,institution city (ROR),E-0118,1,E-0515,E-0801,Sources/Affiliation-Pages/E-0118.pdf#page=1,https://arxiv.org/pdf/2102.11289,"Inference Benjamin Hawks 1, Javier Duarte 2, Nicholas J. Fraser 3, Alessandro Pappalardo 3, Nhan Tran 1,4, Yaman Umuroglu 3 1Fermi National Accelerator Laboratory, Batavia, IL, United States 2University of",
P-094,GS-0251,fm7hCajHd6sJ,Quantization of generative adversarial networks for efficient inference: A methodological study,Skolkovo Institute of Science and Technology,Skolkovo,Russia,37.36836,55.68784,institution city (ROR),E-0112,1,E-0563,E-0802,Sources/Affiliation-Pages/E-0112.pdf#page=1,https://arxiv.org/pdf/2108.13996,FOR EFFICIENT INFERENCE: A METHODOLOGICAL STUDY Pavel Andreev Higher School of Economics Skolkovo Institute of Science and Technology,
P-103,GS-0160,NGqKVPast8EJ,Implementación de redes neuronales en sistemas empotrados de altas prestaciones,Autonomous University of Madrid,Madrid,Spain,-3.70256,40.4165,institution city (ROR),E-0686,1,E-0573,E-0803,Sources/Affiliation-Pages/E-0686.pdf#page=1,https://repositorio.uam.es/server/api/core/bitstreams/dac506f8-fdf1-403a-b67e-00dc53933b5a/content,UNIVERSIDAD AUTÓNOMA DE MADRID ESCUELA POLITÉCNICA SUPERIOR Grado en Ingeniería Informática,
P-122,GS-0168,w-Ncir6-5LAJ,Integer quantization for deep learning inference: Principles and empirical evaluation,Georgia Institute of Technology,Atlanta,United States,-84.38798,33.749,institution city (ROR),E-0052,1,E-0562,E-0804,Sources/Affiliation-Pages/E-0052.pdf#page=1,https://arxiv.org/pdf/2004.09602,Mikhail Isaev2∗ Paulius Micikevicius1 1NVIDIA 2Georgia Institute of Technology,
P-107,GS-0096,S6BbVsw-jKAJ,Efqat: An efficient framework for quantization-aware training,ETH Zurich,Zurich,Switzerland,8.55,47.36667,institution city (ROR),E-0598,1,E-0558,E-0805,Sources/Affiliation-Pages/E-0598.pdf#page=1,https://arxiv.org/pdf/2411.11038?,eters and pruning the rest. Quantization has gained more *Work done during an internship at Axelera AI. 1ETH Zurich,
P-013,GS-0059,0135POLNyLcJ,Building a Sparse Convolutional Neural Network Inference Accelerator on Field-Programmable Gate Arrays,University of Toronto,Toronto,Canada,-79.39864,43.70643,institution city (ROR),E-0681,1,E-0492,E-0806,Sources/Affiliation-Pages/E-0681.pdf#page=1,https://utoronto.scholaris.ca/server/api/core/bitstreams/c45fa387-a2b5-4130-a73a-542d5e92fae6/content,A thesis submitted in conformity with the requirements for the degree of Master of Applied Science Graduate Department of Electrical and Computer Engineering University of Toronto,
P-107,GS-0262,OmtQKMh9SXQJ,"Real-time video super-resolution on smartphones with deep learning, mobile ai 2021 challenge: Report",ETH Zurich,Zurich,Switzerland,8.55,47.36667,institution city (ROR),E-0622,7,E-0558,E-0807,Sources/Affiliation-Pages/E-0622.pdf#page=1,https://arxiv.org/pdf/2105.08826,"@vision.ee.ethz.ch), Chiu Man Ho2 (chiuman@oppo.com), Zibo Meng2 (zibo.meng@oppo.com), Kyoung Mu Lee4 Affiliations: 1 Computer Vision Lab, ETH Zurich, Switzerland",
P-028,GS-0262,OmtQKMh9SXQJ,"Real-time video super-resolution on smartphones with deep learning, mobile ai 2021 challenge: Report",University of Electronic Science and Technology of China,Chengdu,China,104.06667,30.66667,institution city (ROR),E-0622,7,E-0470,E-0807,Sources/Affiliation-Pages/E-0622.pdf#page=1,https://arxiv.org/pdf/2105.08826,"Zeyu Long, Chenhao Wang, Yifei Chen, Boshen Xu, Shuhang Gu, Lixin Duan, Wen Li Affiliations: University of Electronic Science and Technology of China",
P-050,GS-0262,OmtQKMh9SXQJ,"Real-time video super-resolution on smartphones with deep learning, mobile ai 2021 challenge: Report",Xidian University,Xi'an,China,108.92861,34.25833,institution city (ROR),E-0622,7,E-0526,E-0807,Sources/Affiliation-Pages/E-0622.pdf#page=1,https://arxiv.org/pdf/2105.08826,"Zheng Hui (zheng hui@aliyun.com), Xinbo Gao, Xiumei Wang Affiliations: School of Electronic Engineering, Xidian University, China",
P-100,GS-0262,OmtQKMh9SXQJ,"Real-time video super-resolution on smartphones with deep learning, mobile ai 2021 challenge: Report",Seoul National University,Seoul,South Korea,126.9784,37.566,institution city (ROR),E-0622,7,E-0529,E-0807,Sources/Affiliation-Pages/E-0622.pdf#page=1,https://arxiv.org/pdf/2105.08826,"1 Computer Vision Lab, ETH Zurich, Switzerland 2 OPPO Mobile Co., Ltd, China 3 AI Witchlabs, Switzerland 4 Seoul National University, South Korea",
P-028,GS-0108,hMD5CNKhw64J,Exploring the potential of flexible 8-bit format: Design and algorithm,University of Electronic Science and Technology of China,Chengdu,China,104.06667,30.66667,institution city (ROR),E-0627,1,E-0470,E-0808,Sources/Affiliation-Pages/E-0627.pdf#page=1,https://arxiv.org/pdf/2310.13513,"Zhuoyi Zhang1*, Yunchen Zhang1,2 *, Gonglei Shi1*, Yu Shen1, Ruihao Gong1, Xiaoxu Xia1, Qi Zhang1, Lewei Lu1, Xianglong Liu3 1SenseTime Research 2University of Electronic Science and Technology of China 3Beihang University",
P-016,GS-0108,hMD5CNKhw64J,Exploring the potential of flexible 8-bit format: Design and algorithm,Beihang University,Beijing,China,116.39723,39.9075,institution city (ROR),E-0627,1,E-0506,E-0808,Sources/Affiliation-Pages/E-0627.pdf#page=1,https://arxiv.org/pdf/2310.13513,"Zhuoyi Zhang1*, Yunchen Zhang1,2 *, Gonglei Shi1*, Yu Shen1, Ruihao Gong1, Xiaoxu Xia1, Qi Zhang1, Lewei Lu1, Xianglong Liu3 1SenseTime Research 2University of Electronic Science and Technology of China 3Beihang University",
P-152,GS-0187,GDGSvYK2cXoJ,Low offset and noise in high biased GaN 2DEG Hall-effect plates investigated with infrared microscopy,Stanford University,Stanford,United States,-122.16608,37.42411,institution city (ROR),E-0690,3,E-0485,E-0809,Sources/Affiliation-Pages/E-0690.pdf#page=1,https://www.osti.gov/servlets/purl/1688576,"Science Foundation Graduate Research Fellowship under Grant DGE-114747,  and Stanford SystemX Alliance. Prepared by LLNL under Contract DE-AC52- 07NA27344 IM-LLNL-JRNL-808879.  K.M. Dowling and C.A. Chapin were with Stanford University, Stanford, ",
P-127,GS-0187,GDGSvYK2cXoJ,Low offset and noise in high biased GaN 2DEG Hall-effect plates investigated with infrared microscopy,Massachusetts Institute of Technology,Cambridge,United States,-71.10561,42.3751,institution city (ROR),E-0690,3,E-0476,E-0809,Sources/Affiliation-Pages/E-0690.pdf#page=1,https://www.osti.gov/servlets/purl/1688576,"He is now with Frore microsystems, San Jose, CA, 95131 USA (email:  ananthy@froresystems.com).  P.F. Satterthwaite was with Stanford University, Stanford, CA 94305 USA.  He is now with Massachusetts Institute of Technology, Cambridge, MA, 02139 ",
P-136,GS-0187,GDGSvYK2cXoJ,Low offset and noise in high biased GaN 2DEG Hall-effect plates investigated with infrared microscopy,Lawrence Livermore National Laboratory,Livermore,United States,-121.76801,37.68187,institution city (ROR),E-0690,3,E-0469,E-0809,Sources/Affiliation-Pages/E-0690.pdf#page=1,https://www.osti.gov/servlets/purl/1688576,"and Stanford SystemX Alliance. Prepared by LLNL under Contract DE-AC52- 07NA27344 IM-LLNL-JRNL-808879.  K.M. Dowling and C.A. Chapin were with Stanford University, Stanford,  CA 94305 USA. They are now with Lawrence Livermore National Laboratory, ",
P-061,GS-0161,Zln8FgFkOUAJ,Improving approximate neural networks for perception tasks through specialized optimization,TU Dresden,Dresden,Germany,13.73832,51.05089,institution city (ROR),E-0662,1,E-0522,E-0810,Sources/Affiliation-Pages/E-0662.pdf#page=1,https://cfaed.tu-dresden.de/files/Images/people/chair-pd/Papers/Elsevier_Approx_DNN.pdf,"specialized optimization Cecilia De la Parra a,∗, Andre Guntoro a, Akash Kumar b a Robert Bosch GmbH, 71272 Renningen, Germany b Chair of Processor Design TU Dresden, 01069 Dresden, Germany",
P-036,GS-0051,jaPdoi_S_J0J,A Target-Centric Survey of Quantization-Aware Training,Shandong University,Jinan,China,116.99722,36.66833,institution city (ROR),E-0700,1,E-0583,E-0811,Sources/Affiliation-Pages/E-0700.pdf#page=1,https://arxiv.org/pdf/2608.29667,"Daling Wang 1 Hinrich Schütze 3 1Northeastern University, China 2Shandong University, China",
P-064,GS-0051,jaPdoi_S_J0J,A Target-Centric Survey of Quantization-Aware Training,Ludwig Maximilian University of Munich,Munich,Germany,11.57549,48.13743,institution city (ROR),E-0700,1,E-0508,E-0811,Sources/Affiliation-Pages/E-0700.pdf#page=1,https://arxiv.org/pdf/2608.29667,"Hinrich Schütze 3 1Northeastern University, China 2Shandong University, China 3CIS, LMU Munich; MCML, Germany",
P-107,GS-0114,hfMetGkFF8wJ,"Fast and accurate quantized camera scene detection on smartphones, mobile ai 2021 challenge: Report",ETH Zurich,Zurich,Switzerland,8.55,47.36667,institution city (ROR),E-0051,8,E-0558,E-0812,Sources/Affiliation-Pages/E-0051.pdf#page=1,https://arxiv.org/pdf/2105.08819,"Radu Timofte1,2 (radu.timofte@vision.ee.ethz.ch) Affiliations: 1 Computer Vision Lab, ETH Zurich, Switzerland",
P-107,GS-0311,Vvp3c7kypgAJ,Training quantised neural networks with ste variants: the additive noise annealing algorithm,ETH Zurich,Zurich,Switzerland,8.55,47.36667,institution city (ROR),E-0123,1,E-0558,E-0813,Sources/Affiliation-Pages/E-0123.pdf#page=1,https://openaccess.thecvf.com/content/CVPR2022/papers/Spallanzani_Training_Quantised_Neural_Networks_With_STE_Variants_The_Additive_Noise_CVPR_2022_paper.pdf,"Matteo Spallanzani1* Gian Paolo Leonardi2 Luca Benini1,3 1Departement Informationstechnologie und Elektrotechnik, ETH Z¨urich, Switzerland",
P-080,GS-0311,Vvp3c7kypgAJ,Training quantised neural networks with ste variants: the additive noise annealing algorithm,University of Bologna,Bologna,Italy,11.33875,44.49381,institution city (ROR),E-0123,1,E-0507,E-0813,Sources/Affiliation-Pages/E-0123.pdf#page=1,https://openaccess.thecvf.com/content/CVPR2022/papers/Spallanzani_Training_Quantised_Neural_Networks_With_STE_Variants_The_Additive_Noise_CVPR_2022_paper.pdf,"Luca Benini1,3 1Departement Informationstechnologie und Elektrotechnik, ETH Z¨urich, Switzerland 2Dipartimento di Matematica, Universit`a di Trento, Italy 3Dipartimento di Ingegneria Elettrica e dell’Informazione, Universit`a di Bologna, Italy",
P-082,GS-0311,Vvp3c7kypgAJ,Training quantised neural networks with ste variants: the additive noise annealing algorithm,University of Trento,Trento,Italy,11.12108,46.06787,institution city (ROR),E-0123,1,E-0571,E-0813,Sources/Affiliation-Pages/E-0123.pdf#page=1,https://openaccess.thecvf.com/content/CVPR2022/papers/Spallanzani_Training_Quantised_Neural_Networks_With_STE_Variants_The_Additive_Noise_CVPR_2022_paper.pdf,"Gian Paolo Leonardi2 Luca Benini1,3 1Departement Informationstechnologie und Elektrotechnik, ETH Z¨urich, Switzerland 2Dipartimento di Matematica, Universit`a di Trento, Italy",
P-129,GS-0184,jh7wJ3LS6LMJ,Lilnetx: Lightweight networks with extreme model compression and structured sparsification,"University of Maryland, College Park",College Park,United States,-76.93692,38.98067,institution city (ROR),E-0718,1,E-0490,E-0814,Sources/Affiliation-Pages/E-0718.pdf#page=1,https://arxiv.org/pdf/2204.02965,"LilNetX: Lightweight Networks with EXtreme Model Compression and Structured Sparsification Sharath Girish University of Maryland, College Park",
P-107,GS-0177,NmzzsscT1XYJ,"Learned smartphone isp on mobile npus with deep learning, mobile ai 2021 challenge: Report",ETH Zurich,Zurich,Switzerland,8.55,47.36667,institution city (ROR),E-0050,8,E-0558,E-0815,Sources/Affiliation-Pages/E-0050.pdf#page=1,https://arxiv.org/pdf/2105.07809,"(yu-syuan.xu @mediatek.com), Yu Tseng2 (ulia.tseng@mediatek.com) Affiliations: 1 Computer Vision Lab, ETH Zurich, Switzerland",
P-096,GS-0223,ljZFS1YiYsQJ,On the opportunities of green computing: A survey,Nanyang Technological University,Singapore,Singapore,103.85007,1.28967,institution city (ROR),E-0614,1,E-0462,E-0816,Sources/Affiliation-Pages/E-0614.pdf#page=1,https://arxiv.org/pdf/2311.00447,11Engineering Research Center for Forestry-Oriented Intelligent Information Processing of National Forestry and Grassland Administration 12Guangzhou University 13Nanyang Technological University,
P-042,GS-0223,ljZFS1YiYsQJ,On the opportunities of green computing: A survey,Shanghai Jiao Tong University,Shanghai,China,121.45806,31.22222,institution city (ROR),E-0614,1,E-0534,E-0816,Sources/Affiliation-Pages/E-0614.pdf#page=1,https://arxiv.org/pdf/2311.00447,"(Victor) Chan1, Chenliang Li15, Yusen Li8, Shiyu Yang12, Jining Yan9, Chao Mou10,11, Shuai Han2, Wuxia Jin7, Guannan Zhang17 and Xiaodong Zeng17,+ 1Tsinghua-Berkeley Shenzhen Institute (TBSI), Tsinghua Shenzhen International Graduate School (SIGS), Tsinghua University 2Shanghai Jiaotong University",
P-037,GS-0223,ljZFS1YiYsQJ,On the opportunities of green computing: A survey,Nanjing University,Nanjing,China,118.77778,32.06167,institution city (ROR),E-0614,1,E-0538,E-0816,Sources/Affiliation-Pages/E-0614.pdf#page=1,https://arxiv.org/pdf/2311.00447,"13Nanyang Technological University 14City University of Hong Kong 15Wuhan University 16State Key Laboratory for Novel Software Technology, Nanjing University",
P-046,GS-0223,ljZFS1YiYsQJ,On the opportunities of green computing: A survey,Nankai University,Tianjin,China,117.17667,39.14222,institution city (ROR),E-0614,1,E-0584,E-0816,Sources/Affiliation-Pages/E-0614.pdf#page=1,https://arxiv.org/pdf/2311.00447,"5Huazhong University of Science and Technology 6Shanghai Institute of AI for Education and School of Computer Science and Technology, East China Normal University 7Xi’an Jiaotong University 8College of Computer Science, Nankai University",
P-048,GS-0223,ljZFS1YiYsQJ,On the opportunities of green computing: A survey,Wuhan University,Wuhan,China,114.26667,30.58333,institution city (ROR),E-0614,1,E-0471,E-0816,Sources/Affiliation-Pages/E-0614.pdf#page=1,https://arxiv.org/pdf/2311.00447,"2Shanghai Jiaotong University 3University of Science and Technology of China 4Key Laboratory of Aerospace Information Security and Trusted Computing, Ministry of Education, School of Cyber Science and Engineering, Wuhan University",
P-047,GS-0223,ljZFS1YiYsQJ,On the opportunities of green computing: A survey,Huazhong University of Science and Technology,Wuhan,China,114.26667,30.58333,institution city (ROR),E-0614,1,E-0517,E-0816,Sources/Affiliation-Pages/E-0614.pdf#page=1,https://arxiv.org/pdf/2311.00447,"3University of Science and Technology of China 4Key Laboratory of Aerospace Information Security and Trusted Computing, Ministry of Education, School of Cyber Science and Engineering, Wuhan University 5Huazhong University of Science and Technology",
P-040,GS-0223,ljZFS1YiYsQJ,On the opportunities of green computing: A survey,East China Normal University,Shanghai,China,121.45806,31.22222,institution city (ROR),E-0614,1,E-0537,E-0816,Sources/Affiliation-Pages/E-0614.pdf#page=1,https://arxiv.org/pdf/2311.00447,"4Key Laboratory of Aerospace Information Security and Trusted Computing, Ministry of Education, School of Cyber Science and Engineering, Wuhan University 5Huazhong University of Science and Technology 6Shanghai Institute of AI for Education and School of Computer Science and Technology, East China Normal University",
P-049,GS-0223,ljZFS1YiYsQJ,On the opportunities of green computing: A survey,Xi'an Jiaotong University,Xi'an,China,108.92861,34.25833,institution city (ROR),E-0614,1,E-0541,E-0816,Sources/Affiliation-Pages/E-0614.pdf#page=1,https://arxiv.org/pdf/2311.00447,"Engineering, Wuhan University 5Huazhong University of Science and Technology 6Shanghai Institute of AI for Education and School of Computer Science and Technology, East China Normal University 7Xi’an Jiaotong University",
P-029,GS-0223,ljZFS1YiYsQJ,On the opportunities of green computing: A survey,China University of Geosciences,City unresolved,China,104.0,35.0,country only,E-0614,1,E-0474,E-0816,Sources/Affiliation-Pages/E-0614.pdf#page=1,https://arxiv.org/pdf/2311.00447,"6Shanghai Institute of AI for Education and School of Computer Science and Technology, East China Normal University 7Xi’an Jiaotong University 8College of Computer Science, Nankai University 9School of Computer Science, China University of Geosciences",Campus unresolved; no inference of Wuhan campus from the ambiguous institutional name.
P-017,GS-0223,ljZFS1YiYsQJ,On the opportunities of green computing: A survey,Beijing Forestry University,Beijing,China,116.39723,39.9075,institution city (ROR),E-0614,1,E-0555,E-0816,Sources/Affiliation-Pages/E-0614.pdf#page=1,https://arxiv.org/pdf/2311.00447,"7Xi’an Jiaotong University 8College of Computer Science, Nankai University 9School of Computer Science, China University of Geosciences 10School of Information Science and Technology, Beijing Forestry University",
P-031,GS-0223,ljZFS1YiYsQJ,On the opportunities of green computing: A survey,Guangzhou University,Guangzhou,China,113.25,23.11667,institution city (ROR),E-0614,1,E-0500,E-0816,Sources/Affiliation-Pages/E-0614.pdf#page=1,https://arxiv.org/pdf/2311.00447,"10School of Information Science and Technology, Beijing Forestry University 11Engineering Research Center for Forestry-Oriented Intelligent Information Processing of National Forestry and Grassland Administration 12Guangzhou University",
P-070,GS-0223,ljZFS1YiYsQJ,On the opportunities of green computing: A survey,City University of Hong Kong,Hong Kong,Hong Kong,114.17469,22.27832,institution city (ROR),E-0614,1,E-0551,E-0816,Sources/Affiliation-Pages/E-0614.pdf#page=1,https://arxiv.org/pdf/2311.00447,Administration 12Guangzhou University 13Nanyang Technological University 14City University of Hong Kong,
P-035,GS-0223,ljZFS1YiYsQJ,On the opportunities of green computing: A survey,University of Science and Technology of China,Hefei,China,117.28083,31.86389,institution city (ROR),E-0614,1,E-0580,E-0816,Sources/Affiliation-Pages/E-0614.pdf#page=1,https://arxiv.org/pdf/2311.00447,"Guannan Zhang17 and Xiaodong Zeng17,+ 1Tsinghua-Berkeley Shenzhen Institute (TBSI), Tsinghua Shenzhen International Graduate School (SIGS), Tsinghua University 2Shanghai Jiaotong University 3University of Science and Technology of China",
P-015,GS-0320,A3D7qU6F0HgJ,Where should we begin? a low-level exploration of weight initialization impact on quantized behaviour of deep neural networks,University of Waterloo,Waterloo,Canada,-80.51639,43.4668,institution city (ROR),E-0691,1,E-0565,E-0817,Sources/Affiliation-Pages/E-0691.pdf#page=1,https://arxiv.org/pdf/2011.14578,Where Should We Begin? A Low-Level Exploration of Weight Initialization Impact on Quantized Behaviour of Deep Neural Networks Stone Yun University of Waterloo,
P-086,GS-0166,DpEtuw7kOMIJ,INT8 Activation Ternary or Binary Weights Networks: Unifying Between INT8 and Lower-bit Width Quantization,Kyushu Institute of Technology,Kitakyushu,Japan,130.85034,33.85181,institution city (ROR),E-0595,1,E-0582,E-0818,Sources/Affiliation-Pages/E-0595.pdf#page=1,https://www.jstage.jst.go.jp/article/jrnal/9/2/9_10/_pdf,"INT8 Activation Ternary or Binary Weights Networks: Unifying  Between INT8 and Lower-bit Width Quantization Ninnart Fuengfusin1, Hakaru Tamukoh2  1Graduate School of Life Science and Systems Engineering, Kyushu Institute of Technology, 2-4 Hibikino, Wakamatsu-ku, Kitakyushu, Fukuoka, 808-",
P-152,GS-0299,ceMeEHVAZA0J,The effect of bias conditions on AlGaN/GaN 2DEG Hall plates,Stanford University,Stanford,United States,-122.16608,37.42411,institution city (ROR),E-0644,1,E-0485,E-0819,Sources/Affiliation-Pages/E-0644.pdf#page=1,https://engineering.purdue.edu/oxidemems/conferences/hh2018/PDFs/Papers/hh2018_0194.pdf,"THE EFFECT OF BIAS CONDITIONS ON ALGAN/GAN 2DEG HALL PLATES  Karen M. Dowling*1, Hannah S. Alpert1, Pengxiang Zhang2, Andrea N. Ramirez1, Ananth Saran Yalamathy1,  Helmut Köck3, Udo Ausserlechner3, and Debbie G. Senesky1  1Stanford University, Stanford, California, USA, 2Tsinghua University, China, and 3Infineon Technologies AG, ",
P-021,GS-0299,ceMeEHVAZA0J,The effect of bias conditions on AlGaN/GaN 2DEG Hall plates,Tsinghua University,Beijing,China,116.39723,39.9075,institution city (ROR),E-0644,1,E-0533,E-0819,Sources/Affiliation-Pages/E-0644.pdf#page=1,https://engineering.purdue.edu/oxidemems/conferences/hh2018/PDFs/Papers/hh2018_0194.pdf,"THE EFFECT OF BIAS CONDITIONS ON ALGAN/GAN 2DEG HALL PLATES  Karen M. Dowling*1, Hannah S. Alpert1, Pengxiang Zhang2, Andrea N. Ramirez1, Ananth Saran Yalamathy1,  Helmut Köck3, Udo Ausserlechner3, and Debbie G. Senesky1  1Stanford University, Stanford, California, USA, 2Tsinghua University, China, and 3Infineon Technologies AG, ",
P-101,GS-0083,nCTD1AIKFX8J,Dual-Precision Deep Neural Network,Sungkyunkwan University,Suwon,South Korea,127.00889,37.29111,institution city (ROR),E-0054,1,E-0549,E-0820,Sources/Affiliation-Pages/E-0054.pdf#page=1,https://arxiv.org/pdf/2009.02191,Dual-Precision Deep Neural Network  Jae Hyun Park  Department of AI  Sungkyunkwan University ,
P-100,GS-0248,w-F-v0NHCcsJ,Qkd: Quantization-aware knowledge distillation,Seoul National University,Seoul,South Korea,126.9784,37.566,institution city (ROR),E-0056,1,E-0529,E-0821,Sources/Affiliation-Pages/E-0056.pdf#page=1,https://arxiv.org/pdf/1911.12491,QKD: Quantization-aware Knowledge Distillation Jangho Kim∗† Seoul National University,
P-153,GS-0191,QtJumkSfioMJ,Low temperature recovery of OFF-state stress induced degradation of AlGaN/GaN high electron mobility transistors,Pennsylvania State University,State College,United States,-77.86,40.79339,institution city (ROR),E-0605,2,E-0550,E-0822,Sources/Affiliation-Pages/E-0605.pdf#page=1,https://par.nsf.gov/servlets/purl/10507805,"Douglas E. Wolfe,3 and Darren C. Pagan3,a) AFFILIATIONS 1Department of Mechanical Engineering, Penn State University, University Park, Pennsylvania 16802, USA",
P-135,GS-0191,QtJumkSfioMJ,Low temperature recovery of OFF-state stress induced degradation of AlGaN/GaN high electron mobility transistors,Argonne National Laboratory,Lemont,United States,-88.00173,41.67364,institution city (ROR),E-0605,2,E-0480,E-0822,Sources/Affiliation-Pages/E-0605.pdf#page=1,https://par.nsf.gov/servlets/purl/10507805,"and Darren C. Pagan3,a) AFFILIATIONS 1Department of Mechanical Engineering, Penn State University, University Park, Pennsylvania 16802, USA 2X-ray Science Division, Argonne National Laboratory, Lemont, Illinois 60439, USA",
P-091,GS-0106,Q1lWhDr68hwJ,Evaluation of compressed residential energy forecasting models,Polytechnic University of Bucharest,Bucharest,Romania,26.10626,44.43225,institution city (ROR),E-0703,1,E-0578,E-0823,Sources/Affiliation-Pages/E-0703.pdf#page=1,https://www.grigorestamatescu.com/files/smc21.pdf,"Forecasting Models Robert Fagaras, Cristina Nichiforov, Iulia Stamatescu and Grigore Stamatescu Department of Automation and Industrial Informatics University “Politehnica” of Bucharest",
P-121,GS-0274,G_K13w99SVIJ,Searching architecture and precision for u-net based image restoration tasks,Iowa State University,Ames,United States,-93.61994,42.03471,institution city (ROR),E-0597,1,E-0478,E-0824,Sources/Affiliation-Pages/E-0597.pdf#page=1,https://dr.lib.iastate.edu/server/api/core/bitstreams/4f529151-cc7f-4a8b-a278-e35b18d25664/content,based Image Restoration Tasks Krishna Teja Chitty-Venkata and Arun K. Somani Department of Electrical and Computer Engineering Iowa State University,
P-015,GS-0112,VuehkXRXvwMJ,Factorizenet: Progressive depth factorization for efficient network architecture exploration under quantization constraints,University of Waterloo,Waterloo,Canada,-80.51639,43.4668,institution city (ROR),E-0089,1,E-0565,E-0825,Sources/Affiliation-Pages/E-0089.pdf#page=1,https://arxiv.org/pdf/2011.14586,Quantization Constraints Stone Yun s22yun@uwaterloo.ca University of Waterloo,
P-102,GS-0091,9XYBsWMEzm4J,Efficient hardware acceleration of deep neural networks via arithmetic complexity reduction,Universitat Politècnica de Catalunya,Barcelona,Spain,2.15899,41.38879,institution city (ROR),E-0085,1,E-0477,E-0826,Sources/Affiliation-Pages/E-0085.pdf#page=1,https://upcommons.upc.edu/bitstream/2117/404668/1/TER1de1.pdf,Doctor of Philosophy in Departament d’Arquitectura de Computadors Universitat Polit`ecnica de Catalunya,
P-107,GS-0115,dV2hBmj5XF0J,"Fast and accurate single-image depth estimation on mobile devices, mobile ai 2021 challenge: Report",ETH Zurich,Zurich,Switzerland,8.55,47.36667,institution city (ROR),E-0621,9,E-0558,E-0827,Sources/Affiliation-Pages/E-0621.pdf#page=1,https://arxiv.org/pdf/2105.08630,"Radu Timofte1,3 (radu.timofte@vision.ee.ethz.ch) Affiliations: 1 Computer Vision Lab, ETH Zurich, Switzerland",
P-047,GS-0115,dV2hBmj5XF0J,"Fast and accurate single-image depth estimation on mobile devices, mobile ai 2021 challenge: Report",Huazhong University of Science and Technology,Wuhan,China,114.26667,30.58333,institution city (ROR),E-0621,9,E-0517,E-0827,Sources/Affiliation-Pages/E-0621.pdf#page=1,https://arxiv.org/pdf/2105.08630,"Key Laboratory of Image Processing and Intelligent Control, Ministry of Education, School of Artificial Intel- ligence and Automation, Huazhong University of Science and Technology, China",
P-152,GS-0186,OLSwmmdygaoJ,Low-memory neural network training: A technical report,Stanford University,Stanford,United States,-122.16608,37.42411,institution city (ROR),E-0059,1,E-0485,E-0828,Sources/Affiliation-Pages/E-0059.pdf#page=1,https://arxiv.org/pdf/1904.10631,"A Technical Report Nimit S. Sohoni, Christopher R. Aberger, Megan Leszczynski, Jian Zhang, Christopher R´e Stanford University",
P-107,GS-0072,riYJuv6tSr8J,Deeploy: Enabling energy-efficient deployment of small language models on heterogeneous microcontrollers,ETH Zurich,Zurich,Switzerland,8.55,47.36667,institution city (ROR),E-0630,1,E-0558,E-0829,Sources/Affiliation-Pages/E-0630.pdf#page=1,https://arxiv.org/pdf/2408.04413,"domain-specific problems. Following the success of FMs in Natural Language Processing (NLP) [1], [3], an increasing number of fields M. Scherer, V. JB. Jung, P. Wiese, are with the Integrated Systems Laboratory, ETH Z¨urich, 8092 Z¨urich, Switzerland; e-mail{scheremo,jungvi,wiesep}@iis.ee.ethz.ch.",
P-080,GS-0072,riYJuv6tSr8J,Deeploy: Enabling energy-efficient deployment of small language models on heterogeneous microcontrollers,University of Bologna,Bologna,Italy,11.33875,44.49381,institution city (ROR),E-0630,1,E-0507,E-0829,Sources/Affiliation-Pages/E-0630.pdf#page=1,https://arxiv.org/pdf/2408.04413,"M. Scherer, V. JB. Jung, P. Wiese, are with the Integrated Systems Laboratory, ETH Z¨urich, 8092 Z¨urich, Switzerland; e-mail{scheremo,jungvi,wiesep}@iis.ee.ethz.ch. L. Macan, L. Bompani, and F. Conti are with the Department of Electrical, Electronic, and Information Engineering (DEI), University of Bologna, 40126",
P-083,GS-0072,riYJuv6tSr8J,Deeploy: Enabling energy-efficient deployment of small language models on heterogeneous microcontrollers,Politecnico di Torino,Turin,Italy,7.68682,45.07049,institution city (ROR),E-0630,1,E-0543,E-0829,Sources/Affiliation-Pages/E-0630.pdf#page=1,https://arxiv.org/pdf/2408.04413,"Switzerland and the Department of Electrical, Electronic, and Information Engineer- ing (DEI), University of Bologna, 40126 Bologna, Italy; e-mail lbenini@iis.ee.ethz.ch A. Burrello is with the Department of Control and Computer Engineering, Politecnico di Torino, 10129, Turin, Italy; e-mail alessio.burrello@unibo.it",
P-018,GS-0068,ZBZjPcAzz3MJ,DCASE 2021 challenge task1a technical report,Beijing University of Posts and Telecommunications,Beijing,China,116.39723,39.9075,institution city (ROR),E-0653,1,E-0511,E-0830,Sources/Affiliation-Pages/E-0653.pdf#page=1,https://dcase.community/documents/challenge2021/technical_reports/DCASE2021_Zhang_99_t1.pdf,"DCASE 2021 CHALLENGE TASK1A TECHNICAL REPORT  Technical Report  Jiawang Zhang, Shengchen Li, Bilei Zhu  Beijing University of Posts and Telecommunications, Beijing, P. R. China ",
P-045,GS-0068,ZBZjPcAzz3MJ,DCASE 2021 challenge task1a technical report,Xi'an Jiaotong-Liverpool University,Suzhou,China,120.59538,31.30408,institution city (ROR),E-0653,1,E-0528,E-0830,Sources/Affiliation-Pages/E-0653.pdf#page=1,https://dcase.community/documents/challenge2021/technical_reports/DCASE2021_Zhang_99_t1.pdf,"Technical Report  Jiawang Zhang, Shengchen Li, Bilei Zhu  Beijing University of Posts and Telecommunications, Beijing, P. R. China  Xi’an Jiaotong-liverpool University, Suzhou, P. R. China ",
P-107,GS-0227,JvbsHynHd3EJ,Optimizing the deployment of tiny transformers on low-power MCUs,ETH Zurich,Zurich,Switzerland,8.55,47.36667,institution city (ROR),E-0608,1,E-0558,E-0831,Sources/Affiliation-Pages/E-0608.pdf#page=1,https://arxiv.org/pdf/2404.02945?,"as TinyML and are applied to State of the Art (SotA) Con- • Victor J.B. Jung, Moritz Scherer, L. Benini are with the Integrated Systems Laboratory (IIS) of ETH Z¨urich, ETZ, Gloriastrasse 35, 8092 Z¨urich,",
P-080,GS-0227,JvbsHynHd3EJ,Optimizing the deployment of tiny transformers on low-power MCUs,University of Bologna,Bologna,Italy,11.33875,44.49381,institution city (ROR),E-0608,1,E-0507,E-0831,Sources/Affiliation-Pages/E-0608.pdf#page=1,https://arxiv.org/pdf/2404.02945?,"Switzerland (e-mail: name.surname@iis.ee.ethz.ch). • A. Burrello, F. Conti, L. Benini are with the Department of Electrical, Electronic and Information Engineering, University of Bologna, 40136",
P-083,GS-0227,JvbsHynHd3EJ,Optimizing the deployment of tiny transformers on low-power MCUs,Politecnico di Torino,Turin,Italy,7.68682,45.07049,institution city (ROR),E-0608,1,E-0543,E-0831,Sources/Affiliation-Pages/E-0608.pdf#page=1,https://arxiv.org/pdf/2404.02945?,"Bologna, Italy. E-mail: firstname.firstsurname@unibo.it • A. Burrello is also with the Interuniversity Department of Regional and Urban Studies and Planning, Politecnico di Torino, 10129, Turin, Italy.",
P-088,GS-0181,yUE3Tl8gU5gJ,Learning non-uniform step sizes for neural network quantization,Institute of Science Tokyo,Tokyo,Japan,139.69171,35.6895,institution city (ROR),E-0623,1,E-0503,E-0832,Sources/Affiliation-Pages/E-0623.pdf#page=1,https://d-itlab.comp.isct.ac.jp/wp-content/uploads/2025/03/Gongyo_ACCV2024_paper.pdf,"Shinya Gongyo1, Jinrong Liang2, Mitsuru Ambai1, Rei Kawakami2, and Ikuro Sato1,2 1 Denso IT Laboratory, Tokyo, Japan 2 Institute of Science Tokyo, Japan",
P-151,GS-0015,hsZpaXAMD6MJ,"Accessible foundation models: Systems, algorithms, and science",University of Washington,Seattle,United States,-122.33207,47.60621,institution city (ROR),E-0667,1,E-0539,E-0833,Sources/Affiliation-Pages/E-0667.pdf#page=1,https://digital.lib.washington.edu/server/api/core/bitstreams/63e54e0c-bcaa-42e8-b164-5a8e4db7a715/content,submitted in partial fulfillment of the requirements for the degree of Doctor of Philosophy University of Washington,
P-027,GS-0139,a2oKl73lWIYJ,Gwq: Group-wise quantization framework for neural networks,Sichuan University,Chengdu,China,104.06667,30.66667,institution city (ROR),E-0672,1,E-0484,E-0834,Sources/Affiliation-Pages/E-0672.pdf#page=1,https://proceedings.mlr.press/v222/yang24a/yang24a.pdf,"yucy324@gmail.com Jiancheng Lv∗ lvjiancheng@scu.edu.cn College of Computer Science, Sichuan University, Chengdu 610065, P. R. China",
P-083,GS-0136,b86o4MZjWCMJ,Going further with winograd convolutions: Tap-wise quantization for efficient inference on 4x4 tiles,Politecnico di Torino,Turin,Italy,7.68682,45.07049,institution city (ROR),E-0609,1,E-0543,E-0835,Sources/Affiliation-Pages/E-0609.pdf#page=1,https://arxiv.org/pdf/2209.12982,"Tap-Wise Quantization for Efﬁcient Inference on 4x4 Tiles Renzo Andri∗, Beatrice Bussolino∗†1, Antonio Cipolletta∗, Lukas Cavigelli∗, Zhe Wang∗ ∗Computing Systems Lab, Huawei Zurich Research Center †DET, Politecnico di Torino, Italy",
P-007,GS-0158,-RFmrUnsQO8J,Image representation learning through genetic quantization,Universidade Federal de Minas Gerais,Belo Horizonte,Brazil,-43.93778,-19.92083,institution city (ROR),E-0715,1,E-0510,E-0836,Sources/Affiliation-Pages/E-0715.pdf#page=1,https://repositorio.ufmg.br/server/api/core/bitstreams/53b2b63d-d298-40fb-85a8-d3dfad72c8cd/content,UNIVERSIDADE FEDERAL DE MINAS GERAIS Instituto de Ciências Exatas Programa de Pós-Graduação em Ciência da Computação,
P-063,GS-0243,S4P2SZ3vYBYJ,Pruning and quantization for efficient deep neural networks,University of Freiburg,Freiburg im Breisgau,Germany,7.85222,47.9959,institution city (ROR),E-0612,1,E-0519,E-0837,Sources/Affiliation-Pages/E-0612.pdf#page=1,https://storage.freidok.ub.uni-freiburg.de/publications/228535/vhpOVY306m6WNlUs/main.pdf?response-content-disposition=attachment%3B%20filename%3D%22main.pdf%22&X-Amz-Content-Sha256=UNSIGNED-PAYLOAD&X-Amz-Algorithm=AWS4-HMAC-SHA256&X-Amz-Credential=gYUBrnhfGJEZyIT0Fc7R%2F20261007%2Fus-east-1%2Fs3%2Faws4_request&X-Amz-Date=20261007T124322Z&X-Amz-SignedHeaders=host&X-Amz-Expires=600&X-Amz-Signature=ef566c12652ed3a71a79cffb54c534c567cf47ef981e354edfaa211d31efd001,Efficient Deep Neural Networks Lukas Enderich Technische Fakultät Albert-Ludwigs-Universität Freiburg,
P-041,GS-0200,nYz1nTtB56EJ,Minimally invasive surgery for sparse neural networks in contrastive manner,Fudan University,Shanghai,China,121.45806,31.22222,institution city (ROR),E-0122,1,E-0520,E-0838,Sources/Affiliation-Pages/E-0122.pdf#page=1,https://openaccess.thecvf.com/content/CVPR2021/papers/Yu_Minimally_Invasive_Surgery_for_Sparse_Neural_Networks_in_Contrastive_Manner_CVPR_2021_paper.pdf,"Minimally Invasive Surgery for Sparse Neural Networks in Contrastive Manner Chong Yu1,2 1NVIDIA 2Fudan University",
P-107,GS-0198,WKN9PiObltMJ,Memory-driven mixed low precision quantization for enabling deep network inference on microcontrollers,ETH Zurich,Zurich,Switzerland,8.55,47.36667,institution city (ROR),E-0058,1,E-0558,E-0839,Sources/Affiliation-Pages/E-0058.pdf#page=1,https://arxiv.org/pdf/1905.13082,"DEI, Universita’ di Bologna alessandro.capotondi@unibo.it Luca Benini IIS, ETH Zurich",
P-080,GS-0198,WKN9PiObltMJ,Memory-driven mixed low precision quantization for enabling deep network inference on microcontrollers,University of Bologna,Bologna,Italy,11.33875,44.49381,institution city (ROR),E-0058,1,E-0507,E-0839,Sources/Affiliation-Pages/E-0058.pdf#page=1,https://arxiv.org/pdf/1905.13082,"For Enabling Deep Network Inference On Microcontrollers Manuele Rusci DEI, Universita’ di Bologna",
P-016,GS-0275,sJqOaCUAIxcJ,Selective focus: investigating semantics sensitivity in post-training quantization for lane detection,Beihang University,Beijing,China,116.39723,39.9075,institution city (ROR),E-0082,1,E-0506,E-0840,Sources/Affiliation-Pages/E-0082.pdf#page=1,https://arxiv.org/pdf/2405.06264,"Yunqian Fan1,2, Xiuying Wei2, Ruihao Gong2,4, Yuqing Ma3, 4, Xiangguo Zhang2 Qi Zhang2 Xianglong Liu4* 1School of Information Science and Technology, ShanghaiTech University 2SenseTime Research 3Institute of Artificial Intelligence, Beihang University, Beijing, China",
P-043,GS-0275,sJqOaCUAIxcJ,Selective focus: investigating semantics sensitivity in post-training quantization for lane detection,ShanghaiTech University,Shanghai,China,121.45806,31.22222,institution city (ROR),E-0082,1,E-0488,E-0840,Sources/Affiliation-Pages/E-0082.pdf#page=1,https://arxiv.org/pdf/2405.06264,"in Post-training Quantization for Lane Detection Yunqian Fan1,2, Xiuying Wei2, Ruihao Gong2,4, Yuqing Ma3, 4, Xiangguo Zhang2 Qi Zhang2 Xianglong Liu4* 1School of Information Science and Technology, ShanghaiTech University 2SenseTime Research",
P-001,GS-0101,0_c5W04PSHIJ,End-to-end keyword spotting using neural architecture search and quantization,Graz University of Technology,Graz,Austria,15.44197,47.06733,institution city (ROR),E-0115,1,E-0494,E-0841,Sources/Affiliation-Pages/E-0115.pdf#page=1,https://arxiv.org/pdf/2104.06666,"Quantization David Peter, Wolfgang Roth, Franz Pernkopf Signal Processing and Speech Communication Laboratory Graz University of Technology",
P-107,GS-0259,dFpYGd9_-6kJ,"Realistic bokeh effect rendering on mobile gpus, mobile ai & aim 2022 challenge: report",ETH Zurich,Zurich,Switzerland,8.55,47.36667,institution city (ROR),E-0717,14,E-0558,E-0842,Sources/Affiliation-Pages/E-0717.pdf#page=1,https://arxiv.org/pdf/2211.06769,"Members: Andrey Ignatov1,2 (andrey@vision.ee.ethz.ch), Radu Timofte1,2,3 Affiliations: 1 Computer Vision Lab, ETH Zurich, Switzerland",
P-069,GS-0259,dFpYGd9_-6kJ,"Realistic bokeh effect rendering on mobile gpus, mobile ai & aim 2022 challenge: report",University of Würzburg,Würzburg,Germany,9.95121,49.79391,institution city (ROR),E-0717,14,E-0569,E-0842,Sources/Affiliation-Pages/E-0717.pdf#page=1,https://arxiv.org/pdf/2211.06769,"Affiliations: 1 Computer Vision Lab, ETH Zurich, Switzerland 2 AI Witchlabs, Switzerland 3 University of Wuerzburg, Germany",
P-034,GS-0259,dFpYGd9_-6kJ,"Realistic bokeh effect rendering on mobile gpus, mobile ai & aim 2022 challenge: report",Zhejiang University of Technology,Hangzhou,China,120.16142,30.29365,institution city (ROR),E-0717,15,E-0546,E-0842,Sources/Affiliation-Pages/E-0717.pdf#page=2,https://arxiv.org/pdf/2211.06769,"Haotian Qian (1092944263@qq.com), Wentao Tong, Pan Mu, Ziping Wang, Guangjing Yan Affiliations: Zhejiang University of Technology, China",
P-022,GS-0023,VPaXPmgRvvYJ,: Aggregation-Aware Quantization for Graph Neural Networks,University of Chinese Academy of Sciences,Beijing,China,116.39723,39.9075,institution city (ROR),E-0656,1,E-0499,E-0844,Sources/Affiliation-Pages/E-0656.pdf#page=1,https://arxiv.org/pdf/2302.00193,"Zejian Liu2 Xiaoyao Liang3 Jian Cheng2∗ 1School of Future Technology, University of Chinese Academy of Sciences",
P-042,GS-0023,VPaXPmgRvvYJ,: Aggregation-Aware Quantization for Graph Neural Networks,Shanghai Jiao Tong University,Shanghai,China,121.45806,31.22222,institution city (ROR),E-0656,1,E-0534,E-0844,Sources/Affiliation-Pages/E-0656.pdf#page=1,https://arxiv.org/pdf/2302.00193,"Jian Cheng2∗ 1School of Future Technology, University of Chinese Academy of Sciences 2Institute of Automation, Chinese Academy of Sciences 3Shanghai Jiao Tong University",
P-112,GS-0093,7LT9PwSEz1sJ,Efficient Neural PDE-Solvers using Quantization Aware Training,University of Amsterdam,Amsterdam,The Netherlands,4.88969,52.37403,institution city (ROR),E-0665,1,E-0570,E-0845,Sources/Affiliation-Pages/E-0665.pdf#page=1,https://arxiv.org/pdf/2308.07350,"Efficient Neural PDE-Solvers using Quantization Aware Training Winfried van den Dool1, Tijmen Blankevoort2, Max Welling1, Yuki M. Asano1 1QUVA Lab at the University of Amsterdam, 2Qualcomm AI Research*",
P-046,GS-0001,5iUDDewj-SAJ,一种超低损失的深度神经网络量化压缩方法,Nankai University,Tianjin,China,117.17667,39.14222,institution city (ROR),E-0680,1,E-0584,E-0846,Sources/Affiliation-Pages/E-0680.pdf#page=1,https://files.sciengine.com/pdfs/1000-9825/381EE77EA7DA4A42B13FED5C868EB8B6.pdf,"6189.htm  Ultra-low Loss Quantization Method for Deep Neural Network Compression  GONG Cheng1,2,  LU Ye1,2,  DAI Su-Rong1,2,  LIU Fang-Xin1,2,  CHEN Xin-Wei3,  LI Tao1,2,4  1(College of Computer Science, Nankai University, Tianjin 300350, China) ",
P-118,GS-0073,3dopgi5F7ywJ,Department of Computing,Imperial College London,London,United Kingdom,-0.12574,51.50853,institution city (ROR),E-0618,1,E-0465,E-0848,Sources/Affiliation-Pages/E-0618.pdf#page=1,https://web.archive.org/web/20230212153705id_/https://spiral.imperial.ac.uk/bitstream/10044/1/101687/1/FAN-H-2023-PhD-Thesis.pdf,Deep Neural Networks on FPGAs Hongxiang Fan Submitted in part fulfilment of the requirements for the degree of Doctor of Philosophy in Computing of Imperial College London and,
P-152,GS-0286,MukiemwqeocJ,Stable Operation of AlGaN/GaN HEMTs for 25 h at 400◦ C in air,Stanford University,Stanford,United States,-122.16608,37.42411,institution city (ROR),E-0649,1,E-0485,E-0849,Sources/Affiliation-Pages/E-0649.pdf#page=1,https://web.archive.org/web/20210429122027id_/https://ieeexplore.ieee.org/ielx7/6245494/8656606/08809869.pdf,"1, AND DEBBIE G. SENESKY 1, (Member, IEEE) 1 Department of Aeronautics and Astronautics, Stanford University, Stanford, CA 94305, USA",
P-127,GS-0286,MukiemwqeocJ,Stable Operation of AlGaN/GaN HEMTs for 25 h at 400◦ C in air,Massachusetts Institute of Technology,Cambridge,United States,-71.10561,42.3751,institution city (ROR),E-0649,1,E-0476,E-0849,Sources/Affiliation-Pages/E-0649.pdf#page=1,https://web.archive.org/web/20210429122027id_/https://ieeexplore.ieee.org/ielx7/6245494/8656606/08809869.pdf,"1, (Member, IEEE) 1 Department of Aeronautics and Astronautics, Stanford University, Stanford, CA 94305, USA 2 Department of Mechanical Engineering, Stanford University, Stanford, CA 94305, USA 3 Department of Electrical Engineering and Computer Science, Massachusetts Institute of Technology, Cambridge, MA 02142, USA",
P-061,GS-0132,Ld1PzBMYgmwJ,Full approximation of deep neural networks through efficient optimization,TU Dresden,Dresden,Germany,13.73832,51.05089,institution city (ROR),E-0651,1,E-0522,E-0850,Sources/Affiliation-Pages/E-0651.pdf#page=1,https://cfaed.tu-dresden.de/files/Images/people/chair-pd/Papers/iscas-2020-camera-ready.pdf,"Akash Kumar Technological University of Dresden Dresden, Germany akash.kumar@tu-dresden.de",
P-062,GS-0126,989Pu7Zmh9gJ,FlowPrecision: Advancing FPGA-based real-time fluid flow estimation with linear quantization,University of Duisburg-Essen,Duisburg,Germany,6.7623,51.4344,publication city; approximate display coordinate,E-0658,1,E-0479,E-0851,Sources/Affiliation-Pages/E-0658.pdf#page=1,https://arxiv.org/pdf/2403.01922,"FlowPrecision: Advancing FPGA-Based Real-Time Fluid Flow Estimation with Linear Quantization Tianheng Ling, Julian Hoever, Chao Qian, Gregor Schiele Intelligent Embedded Systems Lab, University of Duisburg-Essen, 47057 Duisburg, Germany","The affiliation specifies Duisburg, not ROR main seat Essen."
P-134,GS-0205,AaDM7S1nL5gJ,Mixed-precision neural networks: A survey,"University of California, Irvine",Irvine,United States,-117.82311,33.66946,institution city (ROR),E-0708,1,E-0581,E-0852,Sources/Affiliation-Pages/E-0708.pdf#page=1,https://arxiv.org/pdf/2208.06064,"Mariam Rakka, Mohammed E. Fouda∗, Pramod Khargonekar, and Fadi Kurdahi Electrical Engineering and Computer Science Dept., University of California, Irvine, CA, USA, 92697.",
P-013,GS-0057,CXJ0WVg6Ex0J,Bitpruning: Learning bitlengths for aggressive and accurate quantization,University of Toronto,Toronto,Canada,-79.39864,43.70643,institution city (ROR),E-0694,1,E-0492,E-0854,Sources/Affiliation-Pages/E-0694.pdf#page=1,https://arxiv.org/pdf/2002.03090,BitPruning: Learning Bitlengths for Aggressive and Accurate Quantization Miloš Nikoli´c University of Toronto,
P-052,GS-0057,CXJ0WVg6Ex0J,Bitpruning: Learning bitlengths for aggressive and accurate quantization,IMT Atlantique,Brest,France,-4.4861,48.3904,publication city; approximate display coordinate,E-0694,1,E-0560,E-0854,Sources/Affiliation-Pages/E-0694.pdf#page=1,https://arxiv.org/pdf/2002.03090,"Mila Montreal, Canada Vincent Gripon IMT-Atlantique",The publication specifies Brest; do not use ROR main seat Nantes.
P-011,GS-0057,CXJ0WVg6Ex0J,Bitpruning: Learning bitlengths for aggressive and accurate quantization,Mila,Montreal,Canada,-73.58781,45.50884,institution city (ROR),E-0694,1,E-0542,E-0854,Sources/Affiliation-Pages/E-0694.pdf#page=1,https://arxiv.org/pdf/2002.03090,"University of Toronto Toronto, Canada Ghouthi Boukli Hacene Mila",
P-107,GS-0261,1gwUKDTPxa0J,"Real-time quantized image super-resolution on mobile npus, mobile ai 2021 challenge: Report",ETH Zurich,Zurich,Switzerland,8.55,47.36667,institution city (ROR),E-0666,7,E-0558,E-0855,Sources/Affiliation-Pages/E-0666.pdf#page=1,https://arxiv.org/pdf/2105.07825,"Andrew Lek3 (andrew.lek@synaptics.com) Affiliations: 1 Computer Vision Lab, ETH Zurich, Switzerland",
P-037,GS-0261,1gwUKDTPxa0J,"Real-time quantized image super-resolution on mobile npus, mobile ai 2021 challenge: Report",Nanjing University,Nanjing,China,118.77778,32.06167,institution city (ROR),E-0666,8,E-0538,E-0855,Sources/Affiliation-Pages/E-0666.pdf#page=2,https://arxiv.org/pdf/2105.07825,"Members: Jie Liu (jieliu@smail.nju.edu.cn), Zongcai Du Affiliations: Nanjing University, China",
P-061,GS-0172,WkazOa_k6AEJ,Knowledge distillation and gradient estimation for active error compensation in approximate neural networks,TU Dresden,Dresden,Germany,13.73832,51.05089,institution city (ROR),E-0625,1,E-0522,E-0856,Sources/Affiliation-Pages/E-0625.pdf#page=1,https://esim-project.eu/files/Images/people/chair-pd/Papers/Knowledge_Distillation_DATE21.pdf,"Akash Kumar Technische Universit¨at Dresden Dresden, Germany akash.kumar@tu-dresden.de",
P-065,GS-0172,WkazOa_k6AEJ,Knowledge distillation and gradient estimation for active error compensation in approximate neural networks,Technical University of Munich,Munich,Germany,11.57549,48.13743,institution city (ROR),E-0625,1,E-0557,E-0856,Sources/Affiliation-Pages/E-0625.pdf#page=1,https://esim-project.eu/files/Images/people/chair-pd/Papers/Knowledge_Distillation_DATE21.pdf,"Renningen, Germany cecilia.delaparra@de.bosch.com Xuyi Wu Technische Universit¨at M¨unchen",
P-021,GS-0120,XOhlwJD00GQJ,Finding the task-optimal low-bit sub-distribution in deep neural networks,Tsinghua University,Beijing,China,116.39723,39.9075,institution city (ROR),E-0671,1,E-0533,E-0857,Sources/Affiliation-Pages/E-0671.pdf#page=1,https://proceedings.mlr.press/v162/dong22a/dong22a.pdf,1Xi’an Jiaotong University 2Tsinghua University.,
P-049,GS-0120,XOhlwJD00GQJ,Finding the task-optimal low-bit sub-distribution in deep neural networks,Xi'an Jiaotong University,Xi'an,China,108.92861,34.25833,institution city (ROR),E-0671,1,E-0541,E-0857,Sources/Affiliation-Pages/E-0671.pdf#page=1,https://proceedings.mlr.press/v162/dong22a/dong22a.pdf,contribution 1Xi’an Jiaotong University,
P-003,GS-0118,rwq8MDneX2kJ,"Fast, quantization aware DNN training for efficient HW implementation",TU Wien,Vienna,Austria,16.37208,48.20849,institution city (ROR),E-0615,1,E-0483,E-0858,Sources/Affiliation-Pages/E-0615.pdf#page=1,https://jantsch.se/AxelJantsch/papers/2023/DanielSchnoell-DSD.pdf,"Efficient HW Implementation Daniel Schn¨oll, Matthias Wess, Matthias Bittner, Maximilian G¨otzinger and Axel Jantsch Christian Doppler Laboratory for Embedded Machine Learning, Institute of Computer Technology TU Wien, 1040 Vienna, Austria",
P-107,GS-0117,kpf_M9srSzEJ,"Fast camera image denoising on mobile gpus with deep learning, mobile ai 2021 challenge: Report",ETH Zurich,Zurich,Switzerland,8.55,47.36667,institution city (ROR),E-0640,7,E-0558,E-0859,Sources/Affiliation-Pages/E-0640.pdf#page=1,https://arxiv.org/pdf/2105.08629,"Byeoung-su2 (rui.kim@samsung.com), Radu Timofte1,3 (radu.timofte@vision.ee.ethz.ch) Affiliations: 1 Computer Vision Lab, ETH Zurich, Switzerland",
P-019,GS-0117,kpf_M9srSzEJ,"Fast camera image denoising on mobile gpus with deep learning, mobile ai 2021 challenge: Report",North China University of Technology,Beijing,China,116.39723,39.9075,institution city (ROR),E-0640,8,E-0545,E-0859,Sources/Affiliation-Pages/E-0640.pdf#page=2,https://arxiv.org/pdf/2105.08629,"Shuai Liu1 (18601200232@163.com), Lei Lei2, Chaoyu Feng2 Affiliations: 1 North China University of Technology, China",
P-152,GS-0003,_HKpUttAr7MJ,2DEG-heated AlGaN/GaN micro-hotplates for high-temperature chemical sensing microsystems,Stanford University,Stanford,United States,-122.16608,37.42411,institution city (ROR),E-0636,1,E-0485,E-0860,Sources/Affiliation-Pages/E-0636.pdf#page=1,https://transducer-research-foundation.org/technical_digests/HiltonHead_2016/hh2016_0356.pdf,"FOR HIGH-TEMPERATURE CHEMICAL SENSING MICROSYSTEMS  M. Hou1*, A.J. Suria2, A.S. Yalamarthy2, H. So3, and D.G. Senesky1,3  Departments of 1Electrical Engineering, 2Mechanical Engineering, and 3Aeronautics & Astronautics  Stanford University, USA ",
P-097,GS-0218,IxC14aPzOR0J,Next generation arithmetic for edge computing,National University of Singapore,Singapore,Singapore,103.85007,1.28967,institution city (ROR),E-0599,1,E-0486,E-0861,Sources/Affiliation-Pages/E-0599.pdf#page=1,https://past.date-conference.com/proceedings-archive/2020/pdf/1013.pdf,"∗Corporate Research, Robert Bosch GmbH, Germany †Institute for Communication Technologies and Embedded Systems, RWTH Aachen University, Germany ‡Univ Lyon, INSA Lyon, Inria, CITI §National University of Singapore, Singapore",
P-056,GS-0218,IxC14aPzOR0J,Next generation arithmetic for edge computing,RWTH Aachen University,Aachen,Germany,6.08342,50.77664,institution city (ROR),E-0599,1,E-0461,E-0861,Sources/Affiliation-Pages/E-0599.pdf#page=1,https://past.date-conference.com/proceedings-archive/2020/pdf/1013.pdf,"Andre Guntoro∗, Cecilia De La Parra∗, Farhad Merchant†, Florent De Dinechin‡, John L. Gustafson§, Martin Langhammer¶, Rainer Leupers†, Sangeeth Nambiar∥ ∗Corporate Research, Robert Bosch GmbH, Germany †Institute for Communication Technologies and Embedded Systems, RWTH Aachen University, Germany",
P-107,GS-0253,xyL031UpypoJ,"Quantized image super-resolution on mobile npus, mobile ai 2025 challenge: Report",ETH Zurich,Zurich,Switzerland,8.55,47.36667,institution city (ROR),E-0610,8,E-0558,E-0863,Sources/Affiliation-Pages/E-0610.pdf#page=1,https://openaccess.thecvf.com/content/CVPR2025W/MAI/papers/Ignatov_Quantized_Image_Super-Resolution_on_Mobile_NPUs_Mobile_AI_2025_Challenge_CVPRW_2025_paper.pdf,"(georgii.perevozchikov@uni-wuerzburg. de), Radu Timofte2,3 (radu.timofte@uni-wuerzburg.de) Affiliations: 1 Computer Vision Lab, ETH Zurich, Switzerland",
P-069,GS-0253,xyL031UpypoJ,"Quantized image super-resolution on mobile npus, mobile ai 2025 challenge: Report",University of Würzburg,Würzburg,Germany,9.95121,49.79391,institution city (ROR),E-0610,8,E-0569,E-0863,Sources/Affiliation-Pages/E-0610.pdf#page=1,https://openaccess.thecvf.com/content/CVPR2025W/MAI/papers/Ignatov_Quantized_Image_Super-Resolution_on_Mobile_NPUs_Mobile_AI_2025_Challenge_CVPRW_2025_paper.pdf,"de), Radu Timofte2,3 (radu.timofte@uni-wuerzburg.de) Affiliations: 1 Computer Vision Lab, ETH Zurich, Switzerland 2 Computer Vision Lab, University of W ̈urzburg, Germany",
P-013,GS-0036,swEV8hrQpkwJ,An empirical study of low precision quantization for tinyml,University of Toronto,Toronto,Canada,-79.39864,43.70643,institution city (ROR),E-0704,1,E-0492,E-0864,Sources/Affiliation-Pages/E-0704.pdf#page=1,https://arxiv.org/pdf/2203.05492,Qualcomm Canada ULC shaojiez@qti.qualcomm.com Hongyu Chen∗ University of Toronto,
P-077,GS-0152,b0ElFRRzKXEJ,Hmq: Hardware friendly mixed precision quantization block for cnns,Sony Semiconductor Israel,City not specified,Israel,34.8,31.5,country only,E-0043,1,E-0043,E-0865,Sources/Affiliation-Pages/E-0043.pdf#page=1,https://arxiv.org/pdf/2007.09952,"HMQ: Hardware Friendly Mixed Precision Quantization Block for CNNs Hai Victor Habi, Roy H. Jennings, and Arnon Netzer Sony Semiconductor Israel {hai.habi, roy.jennings, arnon.netzer}@sony.com",Approximate cartographic coordinate; affiliation and geographic label from the publication.
P-077,GS-0153,cSlB2dZr1NEJ,Hptq: Hardware-friendly post training quantization,Sony Semiconductor Israel,City not specified,Israel,34.8,31.5,country only,E-0075,1,E-0075,E-0866,Sources/Affiliation-Pages/E-0075.pdf#page=1,https://arxiv.org/pdf/2109.09113,"HPTQ: Hardware-Friendly Post Training Quantization Hai Victor Habi, Reuven Peretz, Elad Cohen, Lior Dikstein, Oranit Dror, Idit Diamant, Roy H. Jennings and Arnon Netzer Sony Semiconductor Israel",Approximate cartographic coordinate; affiliation and geographic label from the publication.
P-076,GS-0213,iobvstVBM4IJ,Neural gradients are near-lognormal: improved quantized and sparse training,Habana Labs / Intel,Caesarea,Israel,34.904,32.5,publication city; approximate display coordinate,E-0067,1,E-0067,E-0732,Sources/Affiliation-Pages/E-0067.pdf#page=1,https://arxiv.org/pdf/2006.08173,"IMPROVED QUANTIZED AND SPARSE TRAINING Brian Chmiel †◦∗Liad Ben-Uri ◦∗Moran Shkolnik †◦ Elad Hoffer † Ron Banner † Daniel Soudry ◦ †Habana Labs – An Intel company, Caesarea, Israel,",Approximate cartographic coordinate; affiliation and geographic label from the publication.
P-140,GS-0190,fmA0XJ2q3EMJ,Low-precision hardware architectures meet recommendation model inference at scale,Facebook,Menlo Park,United States,-122.18,37.45,publication city; approximate display coordinate,E-0670,1,E-0670,E-0867,Sources/Affiliation-Pages/E-0670.pdf#page=1,https://arxiv.org/pdf/2105.12676,"Recommendation Model Inference at Scale Zhaoxia (Summer) Deng, Jongsoo Park, Ping Tak Peter Tang, Haixin Liu, Jie (Amy) Yang, Hector Yuen, Jianyu Huang, Daya Khudia, Xiaohan Wei, Ellie Wen, Dhruv Choudhary, Raghuraman Krishnamoorthi, Carole-Jean Wu, Satish Nadathur, Changkyu Kim, Maxim Naumov, Sam Naghshineh, Mikhail Smelyanskiy Facebook, 1 Hacker Way, Menlo Park, CA",Approximate cartographic coordinate; affiliation and geographic label from the publication.
P-154,GS-0210,WcjiwpmipwsJ,MRQ: Support multiple quantization schemes through model re-quantization,Amazon Lab126,Sunnyvale,United States,-122.037,37.369,publication city; approximate display coordinate,E-0729,1,E-0729,E-0868,Sources/Affiliation-Pages/E-0729.pdf#page=1,https://arxiv.org/pdf/2308.01867,"MRQ : Support Multiple Quantization Schemes through Model Re-Quantization Manasa Manohara Amazon Lab126 Sunnyvale, CA 94089",Approximate cartographic coordinate; affiliation and geographic label from the publication.
P-087,GS-0182,1meOqe498qYJ,Learning to Sparsify Differences of Synaptic Signal for Efficient Event Processing.,DENSO IT Laboratory,Tokyo,Japan,139.702,35.659,publication city; approximate display coordinate,E-0596,1,E-0596,E-0869,Sources/Affiliation-Pages/E-0596.pdf#page=1,https://www.bmva-archive.org.uk/bmvc/2021/assets/papers/0126.pdf,"1 Learning to Sparsify Differences of Synaptic Signal for Efﬁcient Event Processing Yusuke Sekikawa, Keisuke Uto {ysekikawa,kuto}@d-itlab.co.jp DENSO IT Laboratory",Approximate cartographic coordinate; affiliation and geographic label from the publication.
P-087,GS-0181,yUE3Tl8gU5gJ,Learning non-uniform step sizes for neural network quantization,DENSO IT Laboratory,Tokyo,Japan,139.702,35.659,publication city; approximate display coordinate,E-0623,1,E-0623,E-0832,Sources/Affiliation-Pages/E-0623.pdf#page=1,https://d-itlab.comp.isct.ac.jp/wp-content/uploads/2025/03/Gongyo_ACCV2024_paper.pdf,"Learning Non-Uniform Step Sizes for Neural Network Quantization Shinya Gongyo1, Jinrong Liang2, Mitsuru Ambai1, Rei Kawakami2, and Ikuro Sato1,2 1 Denso IT Laboratory, Tokyo, Japan",Approximate cartographic coordinate; affiliation and geographic label from the publication.
P-157,GS-0156,IwlJln3V0Z0J,Hybrid 8-bit floating point (HFP8) training and inference for deep neural networks,IBM T. J. Watson Research Center,Yorktown Heights,United States,-73.808,41.271,publication city; approximate display coordinate,E-0643,1,E-0643,E-0749,Sources/Affiliation-Pages/E-0643.pdf#page=1,https://proceedings.neurips.cc/paper_files/paper/2019/file/65fc9fb4897a89789352e211ca2d398f-Paper.pdf?ref=https://githubhelp.com,Swagath Venkataramani Vijayalakshmi Srinivasan Xiaodong Cui Wei Zhang Kailash Gopalakrishnan IBM T. J. Watson Research Center,Approximate cartographic coordinate; affiliation and geographic label from the publication.
P-157,GS-0313,D5qHPxfB4RIJ,Ultra-low precision 4-bit training of deep neural networks,IBM T. J. Watson Research Center,Yorktown Heights,United States,-73.808,41.271,publication city; approximate display coordinate,E-0590,1,E-0590,E-0870,Sources/Affiliation-Pages/E-0590.pdf#page=1,https://proceedings.neurips.cc/paper_files/paper/2020/file/13b919438259814cd5be8cb45877d577-Paper.pdf,"Xiaodong Cui Swagath Venkataramani Kaoutar El Maghraoui Vijayalakshmi Srinivasan Kailash Gopalakrishnan IBM T. J. Watson Research Center, Yorktown Heights, NY 10598, USA",Approximate cartographic coordinate; affiliation and geographic label from the publication.
P-055,GS-0022,WjqLbifZC3kJ,AdaQAT: Adaptive bit-width quantization-aware training,CNES,Toulouse,France,1.444,43.605,publication city; approximate display coordinate,E-0079,1,E-0079,E-0793,Sources/Affiliation-Pages/E-0079.pdf#page=1,https://arxiv.org/pdf/2404.16876,"Univ. Rennes, Inria, CNRS, IRISA F-35000 Rennes, France Email: olivier.sentieys@inria.fr Cl´ement Coggiola Spacecraft techniques, on-board data handling CNES, Toulouse, France",Approximate cartographic coordinate; affiliation and geographic label from the publication.
P-060,GS-0204,SchgLhjy2EIJ,Mixed precision dnns: All you need is a good parametrization,Sony Europe B.V.,City not specified,Germany,10.45,51.16,country only,E-0087,1,E-0087,E-0871,Sources/Affiliation-Pages/E-0087.pdf#page=1,https://arxiv.org/pdf/1905.11452,"Published as a conference paper at ICLR 2020 MIXED PRECISION DNNS: ALL YOU NEED IS A GOOD PARAMETRIZATION Stefan Uhlich∗, Lukas Mauch∗, Fabien Cardinaux∗, Kazuki Yoshiyama Javier Alonso García, Stephen Tiedemann, Thomas Kemp Sony Europe B.V., Germany",Approximate cartographic coordinate; affiliation and geographic label from the publication.
P-084,GS-0204,SchgLhjy2EIJ,Mixed precision dnns: All you need is a good parametrization,Sony Corporate,City not specified,Japan,138.25,36.2,country only,E-0087,1,E-0087,E-0871,Sources/Affiliation-Pages/E-0087.pdf#page=1,https://arxiv.org/pdf/1905.11452,"Stefan Uhlich∗, Lukas Mauch∗, Fabien Cardinaux∗, Kazuki Yoshiyama Javier Alonso García, Stephen Tiedemann, Thomas Kemp Sony Europe B.V., Germany firstname.lastname@sony.com Akira Nakamura Sony Corporate, Japan",Approximate cartographic coordinate; affiliation and geographic label from the publication.
P-006,GS-0167,h58kIk_4zlkJ,Integer-only cnns with 4 bit weights and bit-shift quantization scales at full-precision accuracy,KU Leuven / EAVISE,Sint-Katelijne-Waver,Belgium,4.5,51.07,publication city; approximate display coordinate,E-0081,1,E-0081,E-0872,Sources/Affiliation-Pages/E-0081.pdf#page=1,https://lirias.kuleuven.be/retrieve/02b3b220-64bc-4e7a-833e-6e319c5dfa77,"and conditions of the Creative Commons Attribution (CC BY) license (https:// creativecommons.org/licenses/by/ 4.0/). KU Leuven, EAVISE-Jan Pieter De Nayerlaan 5, 2860 Sint-Katelijne-Waver, Belgium;",Approximate cartographic coordinate; affiliation and geographic label from the publication.
P-053,GS-0076,XrM4HOrK7zEJ,Differentiable model compression via pseudo quantization noise,Meta AI / FAIR,Paris,France,2.35,48.86,publication city; approximate display coordinate,E-0064,1,E-0064,E-0873,Sources/Affiliation-Pages/E-0064.pdf#page=1,https://arxiv.org/pdf/2104.09987,"Published in Transactions on Machine Learning Research (09/2022) Diﬀerentiable Model Compression via Pseudo Quantization Noise Alexandre Défossez∗ defossez@fb.com Meta AI, FAIR Team, Paris, France",Approximate cartographic coordinate; affiliation and geographic label from the publication.
P-079,GS-0076,XrM4HOrK7zEJ,Differentiable model compression via pseudo quantization noise,Meta AI / FAIR,Tel-Aviv,Israel,34.78,32.09,publication city; approximate display coordinate,E-0064,1,E-0064,E-0873,Sources/Affiliation-Pages/E-0064.pdf#page=1,https://arxiv.org/pdf/2104.09987,"Alexandre Défossez∗ defossez@fb.com Meta AI, FAIR Team, Paris, France Yossi Adi∗ adiyoss@fb.com Meta AI, FAIR Team, Tel-Aviv, Israel",Approximate cartographic coordinate; affiliation and geographic label from the publication.
P-024,GS-0162,BdDDrJS38XEJ,Improving low-precision network quantization via bin regularization,Xilinx,Beijing,China,116.4,39.9,publication city; approximate display coordinate,E-0117,1,E-0117,E-0874,Sources/Affiliation-Pages/E-0117.pdf#page=1,https://openaccess.thecvf.com/content/ICCV2021/papers/Han_Improving_Low-Precision_Network_Quantization_via_Bin_Regularization_ICCV_2021_paper.pdf,"Tiantian Han Dong Li Ji Liu Lu Tian Yi Shan Xilinx Inc., Beijing, China",Approximate cartographic coordinate; affiliation and geographic label from the publication.
P-085,GS-0020,91xzjWyoIr8J,Adaptive quantization method for CNN with computational-complexity-aware regularization,Kioxia,Kawasaki,Japan,139.7,35.53,publication city; approximate display coordinate,E-0600,1,E-0600,E-0875,Sources/Affiliation-Pages/E-0600.pdf#page=1,http://confcats-event-sessions.s3.amazonaws.com/iscas21/papers/1198.pdf,"Adaptive Quantization Method for CNN with Computational-Complexity-Aware Regularization Kengo Nakata, Daisuke Miyashita, Jun Deguchi, and Ryuichi Fujimoto Institute of Memory Technology Research & Development Kioxia Corporation, Kawasaki, Japan",Approximate cartographic coordinate; affiliation and geographic label from the publication.
P-089,GS-0011,ynUFWmlwMWQJ,Accelerating CNN inference with an adaptive quantization method using computational complexity-aware regularization,Kioxia,Yokohama,Japan,139.64,35.44,publication city; approximate display coordinate,E-0092,1,E-0092,E-0876,Sources/Affiliation-Pages/E-0092.pdf#page=1,https://www.jstage.jst.go.jp/article/transfun/E108.A/2/E108.A_2023EAP1163/_pdf,"the weights and is updated by the stochastic gradient de- scent (SGD) algorithm to minimize the classiﬁcation error. Manuscript received December 21, 2023. Manuscript revised May 13, 2024. Manuscript publicized August 5, 2024. †Kioxia Corporation, Yokohama-shi, 247-8585 Japan.",Approximate cartographic coordinate; affiliation and geographic label from the publication.
P-150,GS-0315,GxAibCeHbVIJ,Understanding how orthogonality of parameters improves quantization of neural networks,NVIDIA,Santa Clara,United States,-121.956,37.354,publication city; approximate display coordinate,E-0109,1,E-0109,E-0798,Sources/Affiliation-Pages/E-0109.pdf#page=1,https://repository.bilkent.edu.tr/bitstreams/22d7da4c-4e45-4d72-b55b-fb078da82b59/download,"Burc Eryilmaz is with NVIDIA Corporation,",Approximate cartographic coordinate; affiliation and geographic label from the publication.
P-111,GS-0244,Apy-5SNsN80J,Pruning vs quantization: Which is better?,Qualcomm AI Research,Amsterdam,The Netherlands,4.895,52.37,publication city; approximate display coordinate,E-0709,1,E-0709,E-0877,Sources/Affiliation-Pages/E-0709.pdf#page=1,https://proceedings.neurips.cc/paper_files/paper/2023/file/c48bc80aa5d3cbbdd712d1cc107b8319-Paper-Conference.pdf,"Pruning vs Quantization: Which is Better? Andrey Kuzmin, Markus Nagel, Mart van Baalen, Arash Behboodi, Tijmen Blankevoort Qualcomm AI Research∗ Amsterdam, The Netherlands {akuzmin, markusn, mart, behboodi, tijmen}@qti.qualcomm.com",Approximate cartographic coordinate; affiliation and geographic label from the publication.
P-111,GS-0246,-7GRqtgKsCEJ,Qbitopt: Fast and accurate bitwidth reallocation during training,Qualcomm AI Research,Amsterdam,The Netherlands,4.895,52.37,publication city; approximate display coordinate,E-0601,1,E-0601,E-0878,Sources/Affiliation-Pages/E-0601.pdf#page=1,https://arxiv.org/pdf/2307.04535,"QBitOpt: Fast and Accurate Bitwidth Reallocation during Training Jorn Peters, Marios Fournarakis, Markus Nagel, Mart van Baalen, Tijmen Blankevoort Qualcomm AI Research* Amsterdam, The Netherlands {jpeters,mfournar,markusn,mart,tijmen}@qti.qualcomm.com",Approximate cartographic coordinate; affiliation and geographic label from the publication.
P-008,GS-0036,swEV8hrQpkwJ,An empirical study of low precision quantization for tinyml,Qualcomm Canada ULC,City not specified,Canada,-106,56,country only,E-0704,1,E-0704,E-0864,Sources/Affiliation-Pages/E-0704.pdf#page=1,https://arxiv.org/pdf/2203.05492,An Empirical Study of Low Precision Quantization for TinyML Shaojie Zhuo∗ Qualcomm AI Research Qualcomm Canada ULC shaojiez@qti.qualcomm.com,Approximate cartographic coordinate; affiliation and geographic label from the publication.
P-113,GS-0192,G9JuJQg9kbkJ,Lsq+: Improving low-bit quantization through learnable offsets and better initialization,Qualcomm Technologies Netherlands B.V.,City not specified,The Netherlands,5.3,52.2,country only,E-0673,1,E-0673,E-0774,Sources/Affiliation-Pages/E-0673.pdf#page=1,https://arxiv.org/pdf/2004.09576,"Jinwon Lee1 Markus Nagel2 Tijmen Blankevoort2 Nojun Kwak3† 1Qualcomm AI Research, Qualcomm Technologies, Inc. 2Qualcomm AI Research, Qualcomm Technologies Netherlands B.V.",Approximate cartographic coordinate; affiliation and geographic label from the publication.
P-146,GS-0008,mZiaUsBayUUJ,A2Q+: Improving accumulator-aware weight quantization,AMD SW Technology Team,San Diego,United States,-117.16,32.72,publication city; approximate display coordinate,E-0705,1,E-0705,E-0879,Sources/Affiliation-Pages/E-0705.pdf#page=1,https://arxiv.org/pdf/2401.10432,"precision integers can drastically reduce the inference costs of multiplications. However, the resulting products are com- monly accumulated at high-precision and thus require high- precision additions and registers. Recent studies show that reducing the standard 32-bit accumulators to 16 bits can 1AMD SW Technology Team, San Diego, California, USA",Approximate cartographic coordinate; affiliation and geographic label from the publication.
P-074,GS-0008,mZiaUsBayUUJ,A2Q+: Improving accumulator-aware weight quantization,AMD Research and Advanced Development,Dublin,Ireland,-6.26,53.35,publication city; approximate display coordinate,E-0705,1,E-0705,E-0879,Sources/Affiliation-Pages/E-0705.pdf#page=1,https://arxiv.org/pdf/2401.10432,"of multiplications. However, the resulting products are com- monly accumulated at high-precision and thus require high- precision additions and registers. Recent studies show that reducing the standard 32-bit accumulators to 16 bits can 1AMD SW Technology Team, San Diego, California, USA 2AMD Research and Advanced Development, Dublin, Ireland.",Approximate cartographic coordinate; affiliation and geographic label from the publication.
P-074,GS-0278,EVfrefFHeJ8J,Shedding the bits: Pushing the boundaries of quantization with minifloats on FPGAs,AMD Research and Advanced Development,Dublin,Ireland,-6.26,53.35,publication city; approximate display coordinate,E-0648,1,E-0648,E-0759,Sources/Affiliation-Pages/E-0648.pdf#page=1,https://arxiv.org/pdf/2311.12359,"Shedding the Bits: Pushing the Boundaries of Quantization with Minifloats on FPGAs Shivam Aggarwal∗† , Hans Jakob Damsgaard‡† , Alessandro Pappalardo† , Giuseppe Franco§, Thomas B. Preußer† , Michaela Blott† , Tulika Mitra∗ ∗School of Computing, National University of Singapore, Singapore, †AMD Research and Advanced Development, Dublin, Ireland, ‡Electrical Engineering Unit, Tampere University, Finland, §AMD, Germany",Approximate cartographic coordinate; affiliation and geographic label from the publication.
P-058,GS-0278,EVfrefFHeJ8J,Shedding the bits: Pushing the boundaries of quantization with minifloats on FPGAs,AMD,City not specified,Germany,10.45,51.16,country only,E-0648,1,E-0648,E-0759,Sources/Affiliation-Pages/E-0648.pdf#page=1,https://arxiv.org/pdf/2311.12359,"Shedding the Bits: Pushing the Boundaries of Quantization with Minifloats on FPGAs Shivam Aggarwal∗† , Hans Jakob Damsgaard‡† , Alessandro Pappalardo† , Giuseppe Franco§, Thomas B. Preußer† , Michaela Blott† , Tulika Mitra∗ ∗School of Computing, National University of Singapore, Singapore, †AMD Research and Advanced Development, Dublin, Ireland, ‡Electrical Engineering Unit, Tampere University, Finland, §AMD, Germany",Approximate cartographic coordinate; affiliation and geographic label from the publication.
P-123,GS-0107,_TxQipMwwdwJ,Exploring FPGA designs for MX and beyond,AMD,Austin,United States,-97.74,30.267,publication city; approximate display coordinate,E-0692,1,E-0692,E-0785,Sources/Affiliation-Pages/E-0692.pdf#page=1,https://arxiv.org/pdf/2407.01475?,"Imperial College London London, UK es1219@ic.ac.uk Naveen Mellempudi AMD Austin, USA",Approximate cartographic coordinate; affiliation and geographic label from the publication.
P-073,GS-0199,4t3zqTKCU7AJ,Memory-efficient dataflow inference for deep CNNs on FPGA,Xilinx Research Ireland,City not specified,Ireland,-8,53,country only,E-0048,1,E-0048,E-0735,Sources/Affiliation-Pages/E-0048.pdf#page=1,https://arxiv.org/pdf/2011.07317,"Memory-Efﬁcient Dataﬂow Inference for Deep CNNs on FPGA Lucian Petrica∗, Tobias Alonso∗‡, Mairin Kroes∗†, Nicholas Fraser∗, Sorin Cotofana†, Michaela Blott∗ ∗Xilinx Research Ireland, †TU Delft, ‡Autonomous University of Madrid Abstract—Custom dataﬂow Convolutional Neural Network",Approximate cartographic coordinate; affiliation and geographic label from the publication.
P-148,GS-0178,B6pTa9LElVQJ,Learning accurate integer transformer machine-translation models,Xilinx,San Jose,United States,-121.886,37.338,publication city; approximate display coordinate,E-0679,1,E-0679,E-0880,Sources/Affiliation-Pages/E-0679.pdf#page=1,https://arxiv.org/pdf/2001.00926,"Learning Accurate Integer Transformer Machine-Translation Models Ephrem Wu Xilinx, Inc., San Jose, USA ephrem.wu@xilinx.com Abstract",Approximate cartographic coordinate; affiliation and geographic label from the publication.
P-141,GS-0234,0xJEP_5NeCEJ,Pareto-Optimal Quantized ResNet Is Mostly 4-bit,Google Research,Mountain View,United States,-122.083,37.386,publication city; approximate display coordinate,E-0047,1,E-0047,E-0790,Sources/Affiliation-Pages/E-0047.pdf#page=1,https://arxiv.org/pdf/2105.03536,"Pareto-Optimal Quantized ResNet Is Mostly 4-bit AmirAli Abdolrashidi*a, Lisa Wang*b, Shivani Agrawalb, Jonathan Malmaudb, Oleg Rybakovb, Chas Leichnerb, Lukasz Lewb aUniversity of California, Riverside, CA, USA bGoogle Research, Mountain View, CA, USA",Approximate cartographic coordinate; affiliation and geographic label from the publication.
P-155,GS-0140,9YHH7bmrZC8J,Hadamard domain training with integers for class incremental quantized learning,Google,Sunnyvale,United States,-122.037,37.369,publication city; approximate display coordinate,E-0641,1,E-0641,E-0765,Sources/Affiliation-Pages/E-0641.pdf#page=1,https://arxiv.org/pdf/2310.03675,"Yu Emma Wang§, Juan Ye†, and Siddharth Joshi‡ †University of St Andrews, UK {ms400,jy31}@st-andrews.ac.uk ‡University of Notre Dame, IN, USA {cschaef6,jvap2,mhoreni,sjoshi2}@nd.edu §Google LLC, Sunnyvale, CA, USA",Approximate cartographic coordinate; affiliation and geographic label from the publication.
P-067,GS-0242,rUxxGWFUiCEJ,ProxSim: GPU-based simulation framework for cross-layer approximate DNN optimization,Robert Bosch,Renningen,Germany,8.936,48.77,publication city; approximate display coordinate,E-0613,1,E-0613,E-0772,Sources/Affiliation-Pages/E-0613.pdf#page=1,https://esim-project.eu/files/Images/people/chair-pd/Papers/date_framework.pdf,"ProxSim: GPU-based Simulation Framework for Cross-Layer Approximate DNN Optimization Cecilia De la Parra Robert Bosch GmbH Renningen, Germany",Approximate cartographic coordinate; affiliation and geographic label from the publication.
P-067,GS-0161,Zln8FgFkOUAJ,Improving approximate neural networks for perception tasks through specialized optimization,Robert Bosch,Renningen,Germany,8.936,48.77,publication city; approximate display coordinate,E-0662,1,E-0662,E-0810,Sources/Affiliation-Pages/E-0662.pdf#page=1,https://cfaed.tu-dresden.de/files/Images/people/chair-pd/Papers/Elsevier_Approx_DNN.pdf,"Future Generation Computer Systems journal homepage: www.elsevier.com/locate/fgcs Improving approximate neural networks for perception tasks through specialized optimization Cecilia De la Parra a,∗, Andre Guntoro a, Akash Kumar b a Robert Bosch GmbH, 71272 Renningen, Germany",Approximate cartographic coordinate; affiliation and geographic label from the publication.
P-067,GS-0132,Ld1PzBMYgmwJ,Full approximation of deep neural networks through efficient optimization,Robert Bosch,Renningen,Germany,8.936,48.77,publication city; approximate display coordinate,E-0651,1,E-0651,E-0850,Sources/Affiliation-Pages/E-0651.pdf#page=1,https://cfaed.tu-dresden.de/files/Images/people/chair-pd/Papers/iscas-2020-camera-ready.pdf,"Full Approximation of Deep Neural Networks through Efﬁcient Optimization Cecilia De la Parra Robert Bosch GmbH Renningen, Germany",Approximate cartographic coordinate; affiliation and geographic label from the publication.
P-067,GS-0172,WkazOa_k6AEJ,Knowledge distillation and gradient estimation for active error compensation in approximate neural networks,Robert Bosch,Renningen,Germany,8.936,48.77,publication city; approximate display coordinate,E-0625,1,E-0625,E-0856,Sources/Affiliation-Pages/E-0625.pdf#page=1,https://esim-project.eu/files/Images/people/chair-pd/Papers/Knowledge_Distillation_DATE21.pdf,"Knowledge Distillation and Gradient Estimation for Active Error Compensation in Approximate Neural Networks Cecilia De la Parra Robert Bosch GmbH Renningen, Germany",Approximate cartographic coordinate; affiliation and geographic label from the publication.
P-071,GS-0218,IxC14aPzOR0J,Next generation arithmetic for edge computing,Bosch Research and Technology Centre India,Bangalore,India,77.594,12.971,publication city; approximate display coordinate,E-0599,1,E-0599,E-0861,Sources/Affiliation-Pages/E-0599.pdf#page=1,https://past.date-conference.com/proceedings-archive/2020/pdf/1013.pdf,"∗Corporate Research, Robert Bosch GmbH, Germany †Institute for Communication Technologies and Embedded Systems, RWTH Aachen University, Germany ‡Univ Lyon, INSA Lyon, Inria, CITI §National University of Singapore, Singapore ¶Intel Corporation ∥Bosch Research and Technology Centre - India, Bangalore",Approximate cartographic coordinate; affiliation and geographic label from the publication.
P-059,GS-0218,IxC14aPzOR0J,Next generation arithmetic for edge computing,Robert Bosch Corporate Research,City not specified,Germany,10.45,51.16,country only,E-0599,1,E-0599,E-0861,Sources/Affiliation-Pages/E-0599.pdf#page=1,https://past.date-conference.com/proceedings-archive/2020/pdf/1013.pdf,"Special Session Paper Next Generation Arithmetic for Edge Computing Andre Guntoro∗, Cecilia De La Parra∗, Farhad Merchant†, Florent De Dinechin‡, John L. Gustafson§, Martin Langhammer¶, Rainer Leupers†, Sangeeth Nambiar∥ ∗Corporate Research, Robert Bosch GmbH, Germany",Approximate cartographic coordinate; affiliation and geographic label from the publication.
P-092,GS-0251,fm7hCajHd6sJ,Quantization of generative adversarial networks for efficient inference: A methodological study,Samsung AI Center,Moscow,Russia,37.617,55.755,publication city; approximate display coordinate,E-0112,1,E-0112,E-0802,Sources/Affiliation-Pages/E-0112.pdf#page=1,https://arxiv.org/pdf/2108.13996,QUANTIZATION OF GENERATIVE ADVERSARIAL NETWORKS FOR EFFICIENT INFERENCE: A METHODOLOGICAL STUDY Pavel Andreev Higher School of Economics Skolkovo Institute of Science and Technology Samsung AI Center Moscow,Approximate cartographic coordinate; affiliation and geographic label from the publication.
P-093,GS-0251,fm7hCajHd6sJ,Quantization of generative adversarial networks for efficient inference: A methodological study,Yandex,Moscow,Russia,37.617,55.755,publication city; approximate display coordinate,E-0112,1,E-0112,E-0802,Sources/Affiliation-Pages/E-0112.pdf#page=1,https://arxiv.org/pdf/2108.13996,"Moscow, Russia Pavel.Andreev@skoltech.ru Alexander Fritzler Higher School of Economics Skolkovo Institute of Science and Technology Yandex",Approximate cartographic coordinate; affiliation and geographic label from the publication.
P-125,GS-0033,uTfdAIswgrMJ,AnalogNets: ML-HW co-design of noise-robust TinyML models and always-on analog compute-in-memory accelerator,Arm Research,Boston,United States,-71.06,42.36,publication city; approximate display coordinate,E-0065,1,E-0065,E-0784,Sources/Affiliation-Pages/E-0065.pdf#page=1,https://arxiv.org/pdf/2111.06503,"the more sophisticated ML functions when a person is in the camera frame or when a keyword is heard (Figure 1). In many TinyML scenarios, the limitations of a constrained hardware platform introduce very signiﬁcant challenges for *Equal contribution 1Arm Research, Boston, US 2Arm Re-",Approximate cartographic coordinate; affiliation and geographic label from the publication.
P-117,GS-0033,uTfdAIswgrMJ,AnalogNets: ML-HW co-design of noise-robust TinyML models and always-on analog compute-in-memory accelerator,Arm Research,Cambridge,United Kingdom,0.12,52.21,publication city; approximate display coordinate,E-0065,1,E-0065,E-0784,Sources/Affiliation-Pages/E-0065.pdf#page=1,https://arxiv.org/pdf/2111.06503,"the camera frame or when a keyword is heard (Figure 1). In many TinyML scenarios, the limitations of a constrained hardware platform introduce very signiﬁcant challenges for *Equal contribution 1Arm Research, Boston, US 2Arm Re- search, Cambridge, UK 3IBM Research, Z¨urich, Switzerland 4ETH",Approximate cartographic coordinate; affiliation and geographic label from the publication.
P-109,GS-0033,uTfdAIswgrMJ,AnalogNets: ML-HW co-design of noise-robust TinyML models and always-on analog compute-in-memory accelerator,IBM Research,Zurich,Switzerland,8.54,47.38,publication city; approximate display coordinate,E-0065,1,E-0065,E-0784,Sources/Affiliation-Pages/E-0065.pdf#page=1,https://arxiv.org/pdf/2111.06503,"the camera frame or when a keyword is heard (Figure 1). In many TinyML scenarios, the limitations of a constrained hardware platform introduce very signiﬁcant challenges for *Equal contribution 1Arm Research, Boston, US 2Arm Re- search, Cambridge, UK 3IBM Research, Z¨urich, Switzerland 4ETH",Approximate cartographic coordinate; affiliation and geographic label from the publication.
P-098,GS-0124,LiYzXZ3i0XoJ,Flexround: Learnable rounding based on element-wise division for post-training quantization,NAVER Cloud,Seongnam,South Korea,127.13,37.43,publication city; approximate display coordinate,E-0639,1,E-0639,E-0881,Sources/Affiliation-Pages/E-0639.pdf#page=1,https://proceedings.mlr.press/v202/lee23h/lee23h.pdf,"demonstrate, for the first time, that large language models can be efficiently quantized, with only a negligible impact on performance compared to half-precision baselines, achieved by reconstruct- ing the output in a block-by-block manner. *Equal contribution 1NAVER Cloud, Seongnam, South Korea.",Approximate cartographic coordinate; affiliation and geographic label from the publication.
P-108,GS-0136,b86o4MZjWCMJ,Going further with winograd convolutions: Tap-wise quantization for efficient inference on 4x4 tiles,Huawei Zurich Research Center,Zurich,Switzerland,8.54,47.38,publication city; approximate display coordinate,E-0609,1,E-0609,E-0835,Sources/Affiliation-Pages/E-0609.pdf#page=1,https://arxiv.org/pdf/2209.12982,"Going Further With Winograd Convolutions: Tap-Wise Quantization for Efﬁcient Inference on 4x4 Tiles Renzo Andri∗, Beatrice Bussolino∗†1, Antonio Cipolletta∗, Lukas Cavigelli∗, Zhe Wang∗ ∗Computing Systems Lab, Huawei Zurich Research Center †DET, Politecnico di Torino, Italy",Approximate cartographic coordinate; affiliation and geographic label from the publication.
P-039,GS-0068,ZBZjPcAzz3MJ,DCASE 2021 challenge task1a technical report,ByteDance,Shanghai,China,121.47,31.23,publication city; approximate display coordinate,E-0653,1,E-0653,E-0830,Sources/Affiliation-Pages/E-0653.pdf#page=1,https://dcase.community/documents/challenge2021/technical_reports/DCASE2021_Zhang_99_t1.pdf,"DCASE 2021 CHALLENGE TASK1A TECHNICAL REPORT  Technical Report  Jiawang Zhang, Shengchen Li, Bilei Zhu  Beijing University of Posts and Telecommunications, Beijing, P. R. China  Xi’an Jiaotong-liverpool University, Suzhou, P. R. China  ByteDance, Shanghai, P. R. China ",Approximate cartographic coordinate; affiliation and geographic label from the publication.
P-004,GS-0299,ceMeEHVAZA0J,The effect of bias conditions on AlGaN/GaN 2DEG Hall plates,Infineon Technologies,Villach,Austria,13.85,46.61,publication city; approximate display coordinate,E-0644,1,E-0644,E-0819,Sources/Affiliation-Pages/E-0644.pdf#page=1,https://engineering.purdue.edu/oxidemems/conferences/hh2018/PDFs/Papers/hh2018_0194.pdf,"THE EFFECT OF BIAS CONDITIONS ON ALGAN/GAN 2DEG HALL PLATES  Karen M. Dowling*1, Hannah S. Alpert1, Pengxiang Zhang2, Andrea N. Ramirez1, Ananth Saran Yalamathy1,  Helmut Köck3, Udo Ausserlechner3, and Debbie G. Senesky1  1Stanford University, Stanford, California, USA, 2Tsinghua University, China, and 3Infineon Technologies AG,  Villach, Austria ",Approximate cartographic coordinate; affiliation and geographic label from the publication.
P-004,GS-0187,GDGSvYK2cXoJ,Low offset and noise in high biased GaN 2DEG Hall-effect plates investigated with infrared microscopy,Infineon Technologies,Villach,Austria,13.85,46.61,publication city; approximate display coordinate,E-0690,3,E-0690,E-0809,Sources/Affiliation-Pages/E-0690.pdf#page=1,https://www.osti.gov/servlets/purl/1688576,"He is now with Frore microsystems, San Jose, CA, 95131 USA (email:  ananthy@froresystems.com).  P.F. Satterthwaite was with Stanford University, Stanford, CA 94305 USA.  He is now with Massachusetts Institute of Technology, Cambridge, MA, 02139  USA (email: psatt@mit.edu).  H. Köck and U. Ausserlechner are with Infineon Technologies, 9500 ",Approximate cartographic coordinate; affiliation and geographic label from the publication.
P-075,GS-0273,VpgJTqhl2WMJ,SCULPT: Training Edge Vision Models for Post-Training Quantization Readiness,Valeo Vision Systems,Tuam,Ireland,-8.856,53.515,publication city; approximate display coordinate,E-0591,1,E-0591,E-0882,Sources/Affiliation-Pages/E-0591.pdf#page=1,https://arxiv.org/pdf/2609.01743,"SCULPT: Training Edge Vision Models for Post-Training Quantization Readiness Bharadwaj Kavuri, Sourav Babu-PK, Varadhraj Ellapan, Pullarao Maddu, Prasad Deshpande Valeo Vision Systems, Tuam, Ireland Valeo India Pvt. Ltd, Chennai, India",Approximate cartographic coordinate; affiliation and geographic label from the publication.
P-072,GS-0273,VpgJTqhl2WMJ,SCULPT: Training Edge Vision Models for Post-Training Quantization Readiness,Valeo India,Chennai,India,80.27,13.08,publication city; approximate display coordinate,E-0591,1,E-0591,E-0882,Sources/Affiliation-Pages/E-0591.pdf#page=1,https://arxiv.org/pdf/2609.01743,"SCULPT: Training Edge Vision Models for Post-Training Quantization Readiness Bharadwaj Kavuri, Sourav Babu-PK, Varadhraj Ellapan, Pullarao Maddu, Prasad Deshpande Valeo Vision Systems, Tuam, Ireland Valeo India Pvt. Ltd, Chennai, India",Approximate cartographic coordinate; affiliation and geographic label from the publication.
P-068,GS-0026,33R4ivEQM7AJ,A low memory footprint quantized neural network for depth completion of very sparse time-of-flight depth maps,Sony R&D Stuttgart Laboratory 1,Stuttgart,Germany,9.182,48.775,publication city; approximate display coordinate,E-0107,1,E-0107,E-0768,Sources/Affiliation-Pages/E-0107.pdf#page=1,https://www.research.unipd.it/bitstream/11577/3462823/2/2205.12918v1.pdf,"Adriano Simonetto4 Fabien Cardinaux3 Pietro Zanuttigh4 1 EPFL, Switzerland 2 Sony Depthsensing Solutions NV, Belgium 3 Sony Europe B.V., R&D Center, Stuttgart Laboratory 1, Germany",Approximate cartographic coordinate; affiliation and geographic label from the publication.
P-005,GS-0026,33R4ivEQM7AJ,A low memory footprint quantized neural network for depth completion of very sparse time-of-flight depth maps,Sony Depthsensing Solutions NV,City not specified,Belgium,4.5,50.8,country only,E-0107,1,E-0107,E-0768,Sources/Affiliation-Pages/E-0107.pdf#page=1,https://www.research.unipd.it/bitstream/11577/3462823/2/2205.12918v1.pdf,"Cynthia Ifeyinwa Ugwu4 Adriano Simonetto4 Fabien Cardinaux3 Pietro Zanuttigh4 1 EPFL, Switzerland 2 Sony Depthsensing Solutions NV, Belgium",Approximate cartographic coordinate; affiliation and geographic label from the publication.
P-128,GS-0058,xG3kTPM2dMkJ,Bringing AI to edge: From deep learning's perspective,HP Inc.,City not specified,United States,-100,38,country only,E-0044,1,E-0044,E-0736,Sources/Affiliation-Pages/E-0044.pdf#page=1,https://arxiv.org/pdf/2011.14808,"Singapore. (Email: xi- angzho001@e.ntu.edu.sg) Ravi Subramaniam is with Innovations and Experiences–Business Personal Systems, HP Inc., USA. (Email: ravi.subramaniam@hp.com)",Approximate cartographic coordinate; affiliation and geographic label from the publication.
